iteration,capture_ms,preprocess_ms,inference_ms,postprocess_ms,model_call_wall_ms,end_to_end_wall_ms,detection_count,detections
1,0.0,1.0011489994212752,48.12306000167155,0.48813600005814806,49.935007,49.935007,1,"[{""class_id"":2,""class_name"":""robot"",""confidence"":0.6331313252449036,""x1"":0.0,""y1"":0.0,""x2"":640.0,""y2"":611.7950439453125}]"
2,0.0,1.160079000328551,48.856692999834195,0.45012199916527607,51.835892,51.835892,1,"[{""class_id"":2,""class_name"":""robot"",""confidence"":0.6331313252449036,""x1"":0.0,""y1"":0.0,""x2"":640.0,""y2"":611.7950439453125}]"
3,0.0,1.131540000642417,48.20966400075122,0.4859929995291168,50.19519,50.19519,1,"[{""class_id"":2,""class_name"":""robot"",""confidence"":0.6331313252449036,""x1"":0.0,""y1"":0.0,""x2"":640.0,""y2"":611.7950439453125}]"
4,0.0,1.1391730004106648,50.124870000217925,0.7793109998601722,52.420279,52.420279,1,"[{""class_id"":2,""class_name"":""robot"",""confidence"":0.6331313252449036,""x1"":0.0,""y1"":0.0,""x2"":640.0,""y2"":611.7950439453125}]"
5,0.0,1.1599399986153003,53.94312099997478,0.7546790002379566,56.235081,56.235081,1,"[{""class_id"":2,""class_name"":""robot"",""confidence"":0.6331313252449036,""x1"":0.0,""y1"":0.0,""x2"":640.0,""y2"":611.7950439453125}]"
6,0.0,1.1069490010413574,56.027648999588564,0.7573460006824462,58.267439,58.267439,1,"[{""class_id"":2,""class_name"":""robot"",""confidence"":0.6331313252449036,""x1"":0.0,""y1"":0.0,""x2"":640.0,""y2"":611.7950439453125}]"
7,0.0,1.1341049994371133,53.63142500027607,0.7501449999836041,55.89071,55.89071,1,"[{""class_id"":2,""class_name"":""robot"",""confidence"":0.6331313252449036,""x1"":0.0,""y1"":0.0,""x2"":640.0,""y2"":611.7950439453125}]"
8,0.0,1.1937849994865246,54.33955199987395,0.7508990001952043,56.671601,56.671601,1,"[{""class_id"":2,""class_name"":""robot"",""confidence"":0.6331313252449036,""x1"":0.0,""y1"":0.0,""x2"":640.0,""y2"":611.7950439453125}]"
9,0.0,1.4760479989490705,51.20505900049466,0.7400920003419742,54.823095,54.823095,1,"[{""class_id"":2,""class_name"":""robot"",""confidence"":0.6331313252449036,""x1"":0.0,""y1"":0.0,""x2"":640.0,""y2"":611.7950439453125}]"
10,0.0,1.161035999757587,55.869997000627336,0.751939000110724,58.170386,58.170386,1,"[{""class_id"":2,""class_name"":""robot"",""confidence"":0.6331313252449036,""x1"":0.0,""y1"":0.0,""x2"":640.0,""y2"":611.7950439453125}]"
11,0.0,1.1947129987674998,50.845632000346086,0.7556410000688629,53.936947,53.936947,1,"[{""class_id"":2,""class_name"":""robot"",""confidence"":0.6331313252449036,""x1"":0.0,""y1"":0.0,""x2"":640.0,""y2"":611.7950439453125}]"
12,0.0,1.1345570001140004,50.65955799909716,0.4470550011319574,52.590666,52.590666,1,"[{""class_id"":2,""class_name"":""robot"",""confidence"":0.6331313252449036,""x1"":0.0,""y1"":0.0,""x2"":640.0,""y2"":611.7950439453125}]"
13,0.0,1.1646230013866443,48.35072199966817,0.4742660003103083,50.961986,50.961986,1,"[{""class_id"":2,""class_name"":""robot"",""confidence"":0.6331313252449036,""x1"":0.0,""y1"":0.0,""x2"":640.0,""y2"":611.7950439453125}]"
14,0.0,0.9774409991223365,49.70898800092982,0.4531499998847721,51.479601,51.479601,1,"[{""class_id"":2,""class_name"":""robot"",""confidence"":0.6331313252449036,""x1"":0.0,""y1"":0.0,""x2"":640.0,""y2"":611.7950439453125}]"
15,0.0,0.9959110011550365,49.372212000889704,1.1291649989288999,52.584083,52.584083,1,"[{""class_id"":2,""class_name"":""robot"",""confidence"":0.6331313252449036,""x1"":0.0,""y1"":0.0,""x2"":640.0,""y2"":611.7950439453125}]"
16,0.0,0.9978090001823148,49.94914999952016,0.45320299977902323,51.7265,51.7265,1,"[{""class_id"":2,""class_name"":""robot"",""confidence"":0.6331313252449036,""x1"":0.0,""y1"":0.0,""x2"":640.0,""y2"":611.7950439453125}]"
17,0.0,1.0134220010513673,50.453283000024385,0.4422860001795925,52.225116,52.225116,1,"[{""class_id"":2,""class_name"":""robot"",""confidence"":0.6331313252449036,""x1"":0.0,""y1"":0.0,""x2"":640.0,""y2"":611.7950439453125}]"
18,0.0,0.9919940002873773,50.5524330001208,0.4698150005424395,52.337821,52.337821,1,"[{""class_id"":2,""class_name"":""robot"",""confidence"":0.6331313252449036,""x1"":0.0,""y1"":0.0,""x2"":640.0,""y2"":611.7950439453125}]"
19,0.0,1.1012160011887318,50.97261300034006,0.4670389989769319,54.08497,54.08497,1,"[{""class_id"":2,""class_name"":""robot"",""confidence"":0.6331313252449036,""x1"":0.0,""y1"":0.0,""x2"":640.0,""y2"":611.7950439453125}]"
20,0.0,1.0831719991983846,50.824519001253066,0.44101399907958694,52.677549,52.677549,1,"[{""class_id"":2,""class_name"":""robot"",""confidence"":0.6331313252449036,""x1"":0.0,""y1"":0.0,""x2"":640.0,""y2"":611.7950439453125}]"
21,0.0,1.0070610005641356,48.59486199893581,0.46697499965375755,50.382052,50.382052,1,"[{""class_id"":2,""class_name"":""robot"",""confidence"":0.6331313252449036,""x1"":0.0,""y1"":0.0,""x2"":640.0,""y2"":611.7950439453125}]"
22,0.0,1.0515029989619507,50.39943099836819,0.5076750003354391,52.30148,52.30148,1,"[{""class_id"":2,""class_name"":""robot"",""confidence"":0.6331313252449036,""x1"":0.0,""y1"":0.0,""x2"":640.0,""y2"":611.7950439453125}]"
23,0.0,1.0819980016094632,47.04558200137399,0.4484020009840606,48.91184,48.91184,1,"[{""class_id"":2,""class_name"":""robot"",""confidence"":0.6331313252449036,""x1"":0.0,""y1"":0.0,""x2"":640.0,""y2"":611.7950439453125}]"
24,0.0,0.9779949996300275,50.26448999888089,0.626477998594055,52.207811,52.207811,1,"[{""class_id"":2,""class_name"":""robot"",""confidence"":0.6331313252449036,""x1"":0.0,""y1"":0.0,""x2"":640.0,""y2"":611.7950439453125}]"
25,0.0,0.9832389987423085,49.1168699991249,0.4395809992274735,50.858726,50.858726,1,"[{""class_id"":2,""class_name"":""robot"",""confidence"":0.6331313252449036,""x1"":0.0,""y1"":0.0,""x2"":640.0,""y2"":611.7950439453125}]"
26,0.0,0.9703550003905548,51.74660600096104,0.4732019988296088,53.51245,53.51245,1,"[{""class_id"":2,""class_name"":""robot"",""confidence"":0.6331313252449036,""x1"":0.0,""y1"":0.0,""x2"":640.0,""y2"":611.7950439453125}]"
27,0.0,1.0294769999745768,50.06617599974561,0.4568370004562894,51.872905,51.872905,1,"[{""class_id"":2,""class_name"":""robot"",""confidence"":0.6331313252449036,""x1"":0.0,""y1"":0.0,""x2"":640.0,""y2"":611.7950439453125}]"
28,0.0,1.003633000436821,47.35326599984546,0.4478489991015522,49.979159,49.979159,1,"[{""class_id"":2,""class_name"":""robot"",""confidence"":0.6331313252449036,""x1"":0.0,""y1"":0.0,""x2"":640.0,""y2"":611.7950439453125}]"
29,0.0,1.0039699991466478,50.8019000008062,0.6281800015131012,52.768382,52.768382,1,"[{""class_id"":2,""class_name"":""robot"",""confidence"":0.6331313252449036,""x1"":0.0,""y1"":0.0,""x2"":640.0,""y2"":611.7950439453125}]"
30,0.0,1.0444079998706002,49.54288999942946,0.4492450007091975,51.355173,51.355173,1,"[{""class_id"":2,""class_name"":""robot"",""confidence"":0.6331313252449036,""x1"":0.0,""y1"":0.0,""x2"":640.0,""y2"":611.7950439453125}]"
31,0.0,1.0872940001718234,46.250467999925604,0.639972000499256,49.236054,49.236054,1,"[{""class_id"":2,""class_name"":""robot"",""confidence"":0.6331313252449036,""x1"":0.0,""y1"":0.0,""x2"":640.0,""y2"":611.7950439453125}]"
32,0.0,1.126561999626574,51.1374670004443,0.43359699884604197,53.774333,53.774333,1,"[{""class_id"":2,""class_name"":""robot"",""confidence"":0.6331313252449036,""x1"":0.0,""y1"":0.0,""x2"":640.0,""y2"":611.7950439453125}]"
33,0.0,1.2783759993908461,46.92376799903286,0.45719499939878006,49.692492,49.692492,1,"[{""class_id"":2,""class_name"":""robot"",""confidence"":0.6331313252449036,""x1"":0.0,""y1"":0.0,""x2"":640.0,""y2"":611.7950439453125}]"
34,0.0,0.9590899990143953,49.77321300066251,0.448941998911323,51.506211,51.506211,1,"[{""class_id"":2,""class_name"":""robot"",""confidence"":0.6331313252449036,""x1"":0.0,""y1"":0.0,""x2"":640.0,""y2"":611.7950439453125}]"
35,0.0,1.0012189995904919,49.22318200078735,0.4372650000732392,50.995739,50.995739,1,"[{""class_id"":2,""class_name"":""robot"",""confidence"":0.6331313252449036,""x1"":0.0,""y1"":0.0,""x2"":640.0,""y2"":611.7950439453125}]"
36,0.0,1.0099959999934072,47.869969999737805,0.4500129998632474,50.421551,50.421551,1,"[{""class_id"":2,""class_name"":""robot"",""confidence"":0.6331313252449036,""x1"":0.0,""y1"":0.0,""x2"":640.0,""y2"":611.7950439453125}]"
37,0.0,1.0046520001196768,49.70717900141608,0.44549599988386035,51.483136,51.483136,1,"[{""class_id"":2,""class_name"":""robot"",""confidence"":0.6331313252449036,""x1"":0.0,""y1"":0.0,""x2"":640.0,""y2"":611.7950439453125}]"
38,0.0,1.0280409987899475,49.6349029999692,0.651829999696929,51.69248,51.69248,1,"[{""class_id"":2,""class_name"":""robot"",""confidence"":0.6331313252449036,""x1"":0.0,""y1"":0.0,""x2"":640.0,""y2"":611.7950439453125}]"
39,0.0,1.0718129997258075,49.6144960015954,0.45021100049780216,51.48314,51.48314,1,"[{""class_id"":2,""class_name"":""robot"",""confidence"":0.6331313252449036,""x1"":0.0,""y1"":0.0,""x2"":640.0,""y2"":611.7950439453125}]"
40,0.0,0.9274379990529269,49.69359000097029,0.5055519995948998,52.434338,52.434338,1,"[{""class_id"":2,""class_name"":""robot"",""confidence"":0.6331313252449036,""x1"":0.0,""y1"":0.0,""x2"":640.0,""y2"":611.7950439453125}]"
41,0.0,0.9686209996289108,51.33566900076403,0.44449300003179815,53.896885,53.896885,1,"[{""class_id"":2,""class_name"":""robot"",""confidence"":0.6331313252449036,""x1"":0.0,""y1"":0.0,""x2"":640.0,""y2"":611.7950439453125}]"
42,0.0,1.0804720004671253,50.6898169987835,0.43492800068634097,52.53744,52.53744,1,"[{""class_id"":2,""class_name"":""robot"",""confidence"":0.6331313252449036,""x1"":0.0,""y1"":0.0,""x2"":640.0,""y2"":611.7950439453125}]"
43,0.0,0.960717999987537,49.44647099910071,0.8315690010931576,51.605181,51.605181,1,"[{""class_id"":2,""class_name"":""robot"",""confidence"":0.6331313252449036,""x1"":0.0,""y1"":0.0,""x2"":640.0,""y2"":611.7950439453125}]"
44,0.0,1.1794570000347449,55.02404000071692,0.825187000373262,57.434259,57.434259,1,"[{""class_id"":2,""class_name"":""robot"",""confidence"":0.6331313252449036,""x1"":0.0,""y1"":0.0,""x2"":640.0,""y2"":611.7950439453125}]"
45,0.0,1.3196159998187795,57.81519799893431,0.8188639985746704,60.328807,60.328807,1,"[{""class_id"":2,""class_name"":""robot"",""confidence"":0.6331313252449036,""x1"":0.0,""y1"":0.0,""x2"":640.0,""y2"":611.7950439453125}]"
46,0.0,1.2006630004179897,56.34838700098044,0.7520800008933293,59.750556,59.750556,1,"[{""class_id"":2,""class_name"":""robot"",""confidence"":0.6331313252449036,""x1"":0.0,""y1"":0.0,""x2"":640.0,""y2"":611.7950439453125}]"
47,0.0,1.2280089995329035,53.97143200025312,0.45479000073100906,56.006306,56.006306,1,"[{""class_id"":2,""class_name"":""robot"",""confidence"":0.6331313252449036,""x1"":0.0,""y1"":0.0,""x2"":640.0,""y2"":611.7950439453125}]"
48,0.0,1.0316360003344016,50.459410000257776,0.43665399971359875,52.973382,52.973382,1,"[{""class_id"":2,""class_name"":""robot"",""confidence"":0.6331313252449036,""x1"":0.0,""y1"":0.0,""x2"":640.0,""y2"":611.7950439453125}]"
49,0.0,1.2027239990857197,47.99142500087328,0.46676000056322664,51.166485,51.166485,1,"[{""class_id"":2,""class_name"":""robot"",""confidence"":0.6331313252449036,""x1"":0.0,""y1"":0.0,""x2"":640.0,""y2"":611.7950439453125}]"
50,0.0,0.9996469998441171,50.297739000598085,0.4391029997350415,52.704186,52.704186,1,"[{""class_id"":2,""class_name"":""robot"",""confidence"":0.6331313252449036,""x1"":0.0,""y1"":0.0,""x2"":640.0,""y2"":611.7950439453125}]"
51,0.0,1.25546599883819,51.0563239986368,0.46132599891279824,53.14757,53.14757,1,"[{""class_id"":2,""class_name"":""robot"",""confidence"":0.6331313252449036,""x1"":0.0,""y1"":0.0,""x2"":640.0,""y2"":611.7950439453125}]"
52,0.0,1.0116470002685674,48.816814000019804,0.4338469989306759,50.583221,50.583221,1,"[{""class_id"":2,""class_name"":""robot"",""confidence"":0.6331313252449036,""x1"":0.0,""y1"":0.0,""x2"":640.0,""y2"":611.7950439453125}]"
53,0.0,1.083569000911666,53.20144500001334,0.7631240005139261,55.408214,55.408214,1,"[{""class_id"":2,""class_name"":""robot"",""confidence"":0.6331313252449036,""x1"":0.0,""y1"":0.0,""x2"":640.0,""y2"":611.7950439453125}]"
54,0.0,1.1730259993782965,53.13438200028031,0.7415990003210027,56.276874,56.276874,1,"[{""class_id"":2,""class_name"":""robot"",""confidence"":0.6331313252449036,""x1"":0.0,""y1"":0.0,""x2"":640.0,""y2"":611.7950439453125}]"
55,0.0,1.1961449999944307,54.54556400036381,0.802708000264829,56.951786,56.951786,1,"[{""class_id"":2,""class_name"":""robot"",""confidence"":0.6331313252449036,""x1"":0.0,""y1"":0.0,""x2"":640.0,""y2"":611.7950439453125}]"
56,0.0,1.1953479988733307,50.00495599961141,0.47912199988786597,52.036642,52.036642,1,"[{""class_id"":2,""class_name"":""robot"",""confidence"":0.6331313252449036,""x1"":0.0,""y1"":0.0,""x2"":640.0,""y2"":611.7950439453125}]"
57,0.0,1.0162999988097,50.93883100016683,0.451686999440426,52.728363,52.728363,1,"[{""class_id"":2,""class_name"":""robot"",""confidence"":0.6331313252449036,""x1"":0.0,""y1"":0.0,""x2"":640.0,""y2"":611.7950439453125}]"
58,0.0,1.0268339992762776,52.176311999573954,0.45250000039231963,53.98501,53.98501,1,"[{""class_id"":2,""class_name"":""robot"",""confidence"":0.6331313252449036,""x1"":0.0,""y1"":0.0,""x2"":640.0,""y2"":611.7950439453125}]"
59,0.0,1.0374849989602808,52.0483679993049,0.7536419998359634,54.198928,54.198928,1,"[{""class_id"":2,""class_name"":""robot"",""confidence"":0.6331313252449036,""x1"":0.0,""y1"":0.0,""x2"":640.0,""y2"":611.7950439453125}]"
60,0.0,1.2518490002548788,53.521621999607305,0.8056679998844629,56.782608,56.782608,1,"[{""class_id"":2,""class_name"":""robot"",""confidence"":0.6331313252449036,""x1"":0.0,""y1"":0.0,""x2"":640.0,""y2"":611.7950439453125}]"
61,0.0,1.2307939996389905,56.15094799941289,0.7675070010009222,58.535389,58.535389,1,"[{""class_id"":2,""class_name"":""robot"",""confidence"":0.6331313252449036,""x1"":0.0,""y1"":0.0,""x2"":640.0,""y2"":611.7950439453125}]"
62,0.0,1.1922450012207264,56.5748059998441,0.7453640009771334,59.940436,59.940436,1,"[{""class_id"":2,""class_name"":""robot"",""confidence"":0.6331313252449036,""x1"":0.0,""y1"":0.0,""x2"":640.0,""y2"":611.7950439453125}]"
63,0.0,1.1361750002834015,58.54233900026884,0.7745929997327039,60.847964,60.847964,1,"[{""class_id"":2,""class_name"":""robot"",""confidence"":0.6331313252449036,""x1"":0.0,""y1"":0.0,""x2"":640.0,""y2"":611.7950439453125}]"
64,0.0,1.159217001259094,56.001234999712324,0.8065199999691686,59.329856,59.329856,1,"[{""class_id"":2,""class_name"":""robot"",""confidence"":0.6331313252449036,""x1"":0.0,""y1"":0.0,""x2"":640.0,""y2"":611.7950439453125}]"
65,0.0,1.2784770005964674,52.53393399834749,0.44921600056113675,54.631165,54.631165,1,"[{""class_id"":2,""class_name"":""robot"",""confidence"":0.6331313252449036,""x1"":0.0,""y1"":0.0,""x2"":640.0,""y2"":611.7950439453125}]"
66,0.0,1.0234250003122725,55.4946590000327,0.7829619989934145,57.668856,57.668856,1,"[{""class_id"":2,""class_name"":""robot"",""confidence"":0.6331313252449036,""x1"":0.0,""y1"":0.0,""x2"":640.0,""y2"":611.7950439453125}]"
67,0.0,1.288462999582407,50.97598999964248,0.5738859999837587,53.267668,53.267668,1,"[{""class_id"":2,""class_name"":""robot"",""confidence"":0.6331313252449036,""x1"":0.0,""y1"":0.0,""x2"":640.0,""y2"":611.7950439453125}]"
68,0.0,1.0708610006986419,47.845450000750134,0.4449459993338678,49.734997,49.734997,1,"[{""class_id"":2,""class_name"":""robot"",""confidence"":0.6331313252449036,""x1"":0.0,""y1"":0.0,""x2"":640.0,""y2"":611.7950439453125}]"
69,0.0,0.9836099998210557,46.10631700052181,0.4470229996513808,47.858866,47.858866,1,"[{""class_id"":2,""class_name"":""robot"",""confidence"":0.6331313252449036,""x1"":0.0,""y1"":0.0,""x2"":640.0,""y2"":611.7950439453125}]"
70,0.0,1.0580029993434437,46.33583299983002,0.44776499998988584,49.00971,49.00971,1,"[{""class_id"":2,""class_name"":""robot"",""confidence"":0.6331313252449036,""x1"":0.0,""y1"":0.0,""x2"":640.0,""y2"":611.7950439453125}]"
71,0.0,1.213161000123364,48.239517000183696,0.461655001345207,50.264693,50.264693,1,"[{""class_id"":2,""class_name"":""robot"",""confidence"":0.6331313252449036,""x1"":0.0,""y1"":0.0,""x2"":640.0,""y2"":611.7950439453125}]"
72,0.0,1.0024489984061802,48.68385000008857,0.46563199975935277,50.472762,50.472762,1,"[{""class_id"":2,""class_name"":""robot"",""confidence"":0.6331313252449036,""x1"":0.0,""y1"":0.0,""x2"":640.0,""y2"":611.7950439453125}]"
73,0.0,1.1713969997799722,49.96154099899286,0.47154399908322375,52.9351,52.9351,1,"[{""class_id"":2,""class_name"":""robot"",""confidence"":0.6331313252449036,""x1"":0.0,""y1"":0.0,""x2"":640.0,""y2"":611.7950439453125}]"
74,0.0,1.0939869989670115,49.770563000492984,0.4591069991874974,52.350214,52.350214,1,"[{""class_id"":2,""class_name"":""robot"",""confidence"":0.6331313252449036,""x1"":0.0,""y1"":0.0,""x2"":640.0,""y2"":611.7950439453125}]"
75,0.0,1.2708160011243308,50.15132299922698,0.4596470007527387,52.946315,52.946315,1,"[{""class_id"":2,""class_name"":""robot"",""confidence"":0.6331313252449036,""x1"":0.0,""y1"":0.0,""x2"":640.0,""y2"":611.7950439453125}]"
76,0.0,1.2002959992969409,46.34401699877344,0.6282320009631803,48.510739,48.510739,1,"[{""class_id"":2,""class_name"":""robot"",""confidence"":0.6331313252449036,""x1"":0.0,""y1"":0.0,""x2"":640.0,""y2"":611.7950439453125}]"
77,0.0,0.951987000007648,52.35306299982767,0.47297599849116523,54.11226,54.11226,1,"[{""class_id"":2,""class_name"":""robot"",""confidence"":0.6331313252449036,""x1"":0.0,""y1"":0.0,""x2"":640.0,""y2"":611.7950439453125}]"
78,0.0,1.1450870006228797,48.24333899887279,0.44392000017978717,50.918734,50.918734,1,"[{""class_id"":2,""class_name"":""robot"",""confidence"":0.6331313252449036,""x1"":0.0,""y1"":0.0,""x2"":640.0,""y2"":611.7950439453125}]"
79,0.0,1.3909859990235418,51.186339998821495,0.4391729999042582,54.221554,54.221554,1,"[{""class_id"":2,""class_name"":""robot"",""confidence"":0.6331313252449036,""x1"":0.0,""y1"":0.0,""x2"":640.0,""y2"":611.7950439453125}]"
80,0.0,1.127825000367011,47.722466000777786,0.45433600098476745,49.624469,49.624469,1,"[{""class_id"":2,""class_name"":""robot"",""confidence"":0.6331313252449036,""x1"":0.0,""y1"":0.0,""x2"":640.0,""y2"":611.7950439453125}]"
81,0.0,1.0314989995094948,50.617519998922944,0.4387179997138446,52.41004,52.41004,1,"[{""class_id"":2,""class_name"":""robot"",""confidence"":0.6331313252449036,""x1"":0.0,""y1"":0.0,""x2"":640.0,""y2"":611.7950439453125}]"
82,0.0,1.0149809986614855,46.90059399945312,0.47149100100796204,49.613693,49.613693,1,"[{""class_id"":2,""class_name"":""robot"",""confidence"":0.6331313252449036,""x1"":0.0,""y1"":0.0,""x2"":640.0,""y2"":611.7950439453125}]"
83,0.0,1.218972000060603,46.40834800011362,0.44285599869908765,48.39846,48.39846,1,"[{""class_id"":2,""class_name"":""robot"",""confidence"":0.6331313252449036,""x1"":0.0,""y1"":0.0,""x2"":640.0,""y2"":611.7950439453125}]"
84,0.0,0.9058359992195619,49.43709500003024,0.5196929996600375,51.200637,51.200637,1,"[{""class_id"":2,""class_name"":""robot"",""confidence"":0.6331313252449036,""x1"":0.0,""y1"":0.0,""x2"":640.0,""y2"":611.7950439453125}]"
85,0.0,1.0509989988349844,50.42072200012626,0.4574569993565092,52.265552,52.265552,1,"[{""class_id"":2,""class_name"":""robot"",""confidence"":0.6331313252449036,""x1"":0.0,""y1"":0.0,""x2"":640.0,""y2"":611.7950439453125}]"
86,0.0,1.0363040000811452,50.445163000404136,0.4438699997990625,52.23938,52.23938,1,"[{""class_id"":2,""class_name"":""robot"",""confidence"":0.6331313252449036,""x1"":0.0,""y1"":0.0,""x2"":640.0,""y2"":611.7950439453125}]"
87,0.0,1.0144609987037256,47.81656699924497,0.4640339993784437,50.804395,50.804395,1,"[{""class_id"":2,""class_name"":""robot"",""confidence"":0.6331313252449036,""x1"":0.0,""y1"":0.0,""x2"":640.0,""y2"":611.7950439453125}]"
88,0.0,1.317654001468327,49.70095200042124,0.577075001274352,51.919861,51.919861,1,"[{""class_id"":2,""class_name"":""robot"",""confidence"":0.6331313252449036,""x1"":0.0,""y1"":0.0,""x2"":640.0,""y2"":611.7950439453125}]"
89,0.0,1.0494529997231439,49.16771299940592,0.4537310014711693,50.988386,50.988386,1,"[{""class_id"":2,""class_name"":""robot"",""confidence"":0.6331313252449036,""x1"":0.0,""y1"":0.0,""x2"":640.0,""y2"":611.7950439453125}]"
90,0.0,1.4916269992681919,46.39659100030258,0.4725089984276565,48.680934,48.680934,1,"[{""class_id"":2,""class_name"":""robot"",""confidence"":0.6331313252449036,""x1"":0.0,""y1"":0.0,""x2"":640.0,""y2"":611.7950439453125}]"
91,0.0,0.9908480005833553,49.12265799976012,0.4613879991666181,50.887606,50.887606,1,"[{""class_id"":2,""class_name"":""robot"",""confidence"":0.6331313252449036,""x1"":0.0,""y1"":0.0,""x2"":640.0,""y2"":611.7950439453125}]"
92,0.0,1.2888910005131038,50.319476998993196,0.5377439993026201,52.460207,52.460207,1,"[{""class_id"":2,""class_name"":""robot"",""confidence"":0.6331313252449036,""x1"":0.0,""y1"":0.0,""x2"":640.0,""y2"":611.7950439453125}]"
93,0.0,1.032535999911488,47.05145199841354,0.6677099991065916,49.099386,49.099386,1,"[{""class_id"":2,""class_name"":""robot"",""confidence"":0.6331313252449036,""x1"":0.0,""y1"":0.0,""x2"":640.0,""y2"":611.7950439453125}]"
94,0.0,1.0241999989375472,48.88585799926659,0.4889640003966633,50.76523,50.76523,1,"[{""class_id"":2,""class_name"":""robot"",""confidence"":0.6331313252449036,""x1"":0.0,""y1"":0.0,""x2"":640.0,""y2"":611.7950439453125}]"
95,0.0,1.0678529997676378,50.516086999778054,0.4493950000323821,52.348057,52.348057,1,"[{""class_id"":2,""class_name"":""robot"",""confidence"":0.6331313252449036,""x1"":0.0,""y1"":0.0,""x2"":640.0,""y2"":611.7950439453125}]"
96,0.0,1.0140060003323015,50.03997799940407,0.6460840013460256,52.081232,52.081232,1,"[{""class_id"":2,""class_name"":""robot"",""confidence"":0.6331313252449036,""x1"":0.0,""y1"":0.0,""x2"":640.0,""y2"":611.7950439453125}]"
97,0.0,1.071680999302771,49.146158000439755,0.44763999903807417,51.054308,51.054308,1,"[{""class_id"":2,""class_name"":""robot"",""confidence"":0.6331313252449036,""x1"":0.0,""y1"":0.0,""x2"":640.0,""y2"":611.7950439453125}]"
98,0.0,0.9591119996912312,48.55157300153223,0.4611570002452936,50.284379,50.284379,1,"[{""class_id"":2,""class_name"":""robot"",""confidence"":0.6331313252449036,""x1"":0.0,""y1"":0.0,""x2"":640.0,""y2"":611.7950439453125}]"
99,0.0,1.0225999994872836,49.46904800090124,0.5554749986913521,51.376321,51.376321,1,"[{""class_id"":2,""class_name"":""robot"",""confidence"":0.6331313252449036,""x1"":0.0,""y1"":0.0,""x2"":640.0,""y2"":611.7950439453125}]"
100,0.0,1.1944739999307785,47.39007100033632,0.4571050012600608,49.360621,49.360621,1,"[{""class_id"":2,""class_name"":""robot"",""confidence"":0.6331313252449036,""x1"":0.0,""y1"":0.0,""x2"":640.0,""y2"":611.7950439453125}]"
101,0.0,1.0072219993162435,49.35063399898354,0.4551900001388276,51.130386,51.130386,1,"[{""class_id"":2,""class_name"":""robot"",""confidence"":0.6331313252449036,""x1"":0.0,""y1"":0.0,""x2"":640.0,""y2"":611.7950439453125}]"
102,0.0,0.9715300002426375,47.65919600140478,0.437426999269519,50.092421,50.092421,1,"[{""class_id"":2,""class_name"":""robot"",""confidence"":0.6331313252449036,""x1"":0.0,""y1"":0.0,""x2"":640.0,""y2"":611.7950439453125}]"
103,0.0,0.8874640006979462,48.766290999992634,0.44367499867803417,51.188624,51.188624,1,"[{""class_id"":2,""class_name"":""robot"",""confidence"":0.6331313252449036,""x1"":0.0,""y1"":0.0,""x2"":640.0,""y2"":611.7950439453125}]"
104,0.0,1.1235389993089484,48.51210599917977,0.45046400009596255,50.412138,50.412138,1,"[{""class_id"":2,""class_name"":""robot"",""confidence"":0.6331313252449036,""x1"":0.0,""y1"":0.0,""x2"":640.0,""y2"":611.7950439453125}]"
105,0.0,1.0525090001465287,49.588003999815555,0.4582880010275403,51.420391,51.420391,1,"[{""class_id"":2,""class_name"":""robot"",""confidence"":0.6331313252449036,""x1"":0.0,""y1"":0.0,""x2"":640.0,""y2"":611.7950439453125}]"
106,0.0,1.040484999975888,45.796106998750474,0.45835600030841306,48.591088,48.591088,1,"[{""class_id"":2,""class_name"":""robot"",""confidence"":0.6331313252449036,""x1"":0.0,""y1"":0.0,""x2"":640.0,""y2"":611.7950439453125}]"
107,0.0,0.9890239998640027,50.0976970015472,0.44513899956655223,51.867215,51.867215,1,"[{""class_id"":2,""class_name"":""robot"",""confidence"":0.6331313252449036,""x1"":0.0,""y1"":0.0,""x2"":640.0,""y2"":611.7950439453125}]"
108,0.0,0.9510069994576043,51.214930001151515,0.4415580006025266,53.682763,53.682763,1,"[{""class_id"":2,""class_name"":""robot"",""confidence"":0.6331313252449036,""x1"":0.0,""y1"":0.0,""x2"":640.0,""y2"":611.7950439453125}]"
109,0.0,1.0197370011155726,51.20028400051524,0.4429740001796745,53.000685,53.000685,1,"[{""class_id"":2,""class_name"":""robot"",""confidence"":0.6331313252449036,""x1"":0.0,""y1"":0.0,""x2"":640.0,""y2"":611.7950439453125}]"
110,0.0,1.0739910012489418,46.180497000023024,0.44799600073019974,48.032976,48.032976,1,"[{""class_id"":2,""class_name"":""robot"",""confidence"":0.6331313252449036,""x1"":0.0,""y1"":0.0,""x2"":640.0,""y2"":611.7950439453125}]"
111,0.0,0.927908999074134,50.607286000740714,0.4693730006692931,52.33321,52.33321,1,"[{""class_id"":2,""class_name"":""robot"",""confidence"":0.6331313252449036,""x1"":0.0,""y1"":0.0,""x2"":640.0,""y2"":611.7950439453125}]"
112,0.0,1.0541280007601017,47.91110699989076,0.4370860006019939,49.728311,49.728311,1,"[{""class_id"":2,""class_name"":""robot"",""confidence"":0.6331313252449036,""x1"":0.0,""y1"":0.0,""x2"":640.0,""y2"":611.7950439453125}]"
113,0.0,0.9936740007105982,49.88758299987239,0.4569350003293948,51.657721,51.657721,1,"[{""class_id"":2,""class_name"":""robot"",""confidence"":0.6331313252449036,""x1"":0.0,""y1"":0.0,""x2"":640.0,""y2"":611.7950439453125}]"
114,0.0,0.9987009998440044,49.242742999922484,0.445794999905047,51.00235,51.00235,1,"[{""class_id"":2,""class_name"":""robot"",""confidence"":0.6331313252449036,""x1"":0.0,""y1"":0.0,""x2"":640.0,""y2"":611.7950439453125}]"
115,0.0,1.018103001115378,51.08886600100959,0.4486679990804987,52.873325,52.873325,1,"[{""class_id"":2,""class_name"":""robot"",""confidence"":0.6331313252449036,""x1"":0.0,""y1"":0.0,""x2"":640.0,""y2"":611.7950439453125}]"
116,0.0,1.041437000822043,49.89656700126943,0.472904999696766,51.738366,51.738366,1,"[{""class_id"":2,""class_name"":""robot"",""confidence"":0.6331313252449036,""x1"":0.0,""y1"":0.0,""x2"":640.0,""y2"":611.7950439453125}]"
117,0.0,1.050644999850192,47.86719100047776,0.437005001003854,49.687885,49.687885,1,"[{""class_id"":2,""class_name"":""robot"",""confidence"":0.6331313252449036,""x1"":0.0,""y1"":0.0,""x2"":640.0,""y2"":611.7950439453125}]"
118,0.0,0.9941520002030302,47.18082499857701,0.628571000561351,49.161065,49.161065,1,"[{""class_id"":2,""class_name"":""robot"",""confidence"":0.6331313252449036,""x1"":0.0,""y1"":0.0,""x2"":640.0,""y2"":611.7950439453125}]"
119,0.0,1.0772509995149449,48.12810000112222,0.45238100028655026,50.811586,50.811586,1,"[{""class_id"":2,""class_name"":""robot"",""confidence"":0.6331313252449036,""x1"":0.0,""y1"":0.0,""x2"":640.0,""y2"":611.7950439453125}]"
120,0.0,1.2185049999970943,48.39296799946169,0.45466999836207833,50.388502,50.388502,1,"[{""class_id"":2,""class_name"":""robot"",""confidence"":0.6331313252449036,""x1"":0.0,""y1"":0.0,""x2"":640.0,""y2"":611.7950439453125}]"
121,0.0,1.031049001539941,48.032246999355266,0.4656099990825169,49.842089,49.842089,1,"[{""class_id"":2,""class_name"":""robot"",""confidence"":0.6331313252449036,""x1"":0.0,""y1"":0.0,""x2"":640.0,""y2"":611.7950439453125}]"
122,0.0,1.0466319999977713,47.377303999383,0.453630000265548,50.087299,50.087299,1,"[{""class_id"":2,""class_name"":""robot"",""confidence"":0.6331313252449036,""x1"":0.0,""y1"":0.0,""x2"":640.0,""y2"":611.7950439453125}]"
123,0.0,1.024059998599114,49.164685000505415,0.45326399958867114,50.965746,50.965746,1,"[{""class_id"":2,""class_name"":""robot"",""confidence"":0.6331313252449036,""x1"":0.0,""y1"":0.0,""x2"":640.0,""y2"":611.7950439453125}]"
124,0.0,1.0980609986290801,45.03419300090172,0.46450899935734924,46.943916,46.943916,1,"[{""class_id"":2,""class_name"":""robot"",""confidence"":0.6331313252449036,""x1"":0.0,""y1"":0.0,""x2"":640.0,""y2"":611.7950439453125}]"
125,0.0,1.0359940006310353,47.804564999751165,0.45053900066704955,50.553802,50.553802,1,"[{""class_id"":2,""class_name"":""robot"",""confidence"":0.6331313252449036,""x1"":0.0,""y1"":0.0,""x2"":640.0,""y2"":611.7950439453125}]"
126,0.0,1.2743099996441742,50.42728599983093,0.44245100070838816,52.469203,52.469203,1,"[{""class_id"":2,""class_name"":""robot"",""confidence"":0.6331313252449036,""x1"":0.0,""y1"":0.0,""x2"":640.0,""y2"":611.7950439453125}]"
127,0.0,1.111940000555478,45.37186900051893,0.444231000074069,48.13405,48.13405,1,"[{""class_id"":2,""class_name"":""robot"",""confidence"":0.6331313252449036,""x1"":0.0,""y1"":0.0,""x2"":640.0,""y2"":611.7950439453125}]"
128,0.0,0.961178000579821,49.84578400035389,0.4619310002453858,52.425964,52.425964,1,"[{""class_id"":2,""class_name"":""robot"",""confidence"":0.6331313252449036,""x1"":0.0,""y1"":0.0,""x2"":640.0,""y2"":611.7950439453125}]"
129,0.0,1.2514129994087853,46.87203199864598,0.45810099982190877,49.683556,49.683556,1,"[{""class_id"":2,""class_name"":""robot"",""confidence"":0.6331313252449036,""x1"":0.0,""y1"":0.0,""x2"":640.0,""y2"":611.7950439453125}]"
130,0.0,1.036311999996542,49.12767499990878,0.45716200111201033,50.956167,50.956167,1,"[{""class_id"":2,""class_name"":""robot"",""confidence"":0.6331313252449036,""x1"":0.0,""y1"":0.0,""x2"":640.0,""y2"":611.7950439453125}]"
131,0.0,1.0265770015394082,47.33163800119655,0.4447519986570114,49.140026,49.140026,1,"[{""class_id"":2,""class_name"":""robot"",""confidence"":0.6331313252449036,""x1"":0.0,""y1"":0.0,""x2"":640.0,""y2"":611.7950439453125}]"
132,0.0,0.9737010004755575,49.08012200030498,0.44673199954559095,51.741655,51.741655,1,"[{""class_id"":2,""class_name"":""robot"",""confidence"":0.6331313252449036,""x1"":0.0,""y1"":0.0,""x2"":640.0,""y2"":611.7950439453125}]"
133,0.0,1.041230998453102,49.459464999017655,0.46602900147263426,51.308521,51.308521,1,"[{""class_id"":2,""class_name"":""robot"",""confidence"":0.6331313252449036,""x1"":0.0,""y1"":0.0,""x2"":640.0,""y2"":611.7950439453125}]"
134,0.0,0.9455360013816971,50.745725000524544,0.5008250009268522,53.321536,53.321536,1,"[{""class_id"":2,""class_name"":""robot"",""confidence"":0.6331313252449036,""x1"":0.0,""y1"":0.0,""x2"":640.0,""y2"":611.7950439453125}]"
135,0.0,1.0064400012197439,50.997864000237314,0.4695719999290304,52.796464,52.796464,1,"[{""class_id"":2,""class_name"":""robot"",""confidence"":0.6331313252449036,""x1"":0.0,""y1"":0.0,""x2"":640.0,""y2"":611.7950439453125}]"
136,0.0,0.9615700000722427,50.81333400084986,0.4424999988259515,53.372927,53.372927,1,"[{""class_id"":2,""class_name"":""robot"",""confidence"":0.6331313252449036,""x1"":0.0,""y1"":0.0,""x2"":640.0,""y2"":611.7950439453125}]"
137,0.0,1.116093000746332,50.46057999970799,0.46068300071056,52.368658,52.368658,1,"[{""class_id"":2,""class_name"":""robot"",""confidence"":0.6331313252449036,""x1"":0.0,""y1"":0.0,""x2"":640.0,""y2"":611.7950439453125}]"
138,0.0,0.9614780010451796,48.83576500105846,0.4520700003922684,50.567798,50.567798,1,"[{""class_id"":2,""class_name"":""robot"",""confidence"":0.6331313252449036,""x1"":0.0,""y1"":0.0,""x2"":640.0,""y2"":611.7950439453125}]"
139,0.0,1.1622980000538519,50.4825490006624,0.5077309997432167,52.526954,52.526954,1,"[{""class_id"":2,""class_name"":""robot"",""confidence"":0.6331313252449036,""x1"":0.0,""y1"":0.0,""x2"":640.0,""y2"":611.7950439453125}]"
140,0.0,1.1635619994194712,49.98324100051832,0.45097299880580977,51.976153,51.976153,1,"[{""class_id"":2,""class_name"":""robot"",""confidence"":0.6331313252449036,""x1"":0.0,""y1"":0.0,""x2"":640.0,""y2"":611.7950439453125}]"
141,0.0,1.3828390001435764,50.39586899874848,0.5757440012530424,53.648586,53.648586,1,"[{""class_id"":2,""class_name"":""robot"",""confidence"":0.6331313252449036,""x1"":0.0,""y1"":0.0,""x2"":640.0,""y2"":611.7950439453125}]"
142,0.0,1.0795199996209703,49.85747499995341,0.4383529994811397,52.454829,52.454829,1,"[{""class_id"":2,""class_name"":""robot"",""confidence"":0.6331313252449036,""x1"":0.0,""y1"":0.0,""x2"":640.0,""y2"":611.7950439453125}]"
143,0.0,1.2252540000190493,47.358711000924814,0.44916700062458403,49.360937,49.360937,1,"[{""class_id"":2,""class_name"":""robot"",""confidence"":0.6331313252449036,""x1"":0.0,""y1"":0.0,""x2"":640.0,""y2"":611.7950439453125}]"
144,0.0,1.060388000041712,47.76833799951419,0.46255000052042305,49.644308,49.644308,1,"[{""class_id"":2,""class_name"":""robot"",""confidence"":0.6331313252449036,""x1"":0.0,""y1"":0.0,""x2"":640.0,""y2"":611.7950439453125}]"
145,0.0,1.077722999980324,50.227409999934025,0.47869799891486764,52.094089,52.094089,1,"[{""class_id"":2,""class_name"":""robot"",""confidence"":0.6331313252449036,""x1"":0.0,""y1"":0.0,""x2"":640.0,""y2"":611.7950439453125}]"
146,0.0,1.0724350013333606,48.749233999842545,0.4519499998423271,51.472619,51.472619,1,"[{""class_id"":2,""class_name"":""robot"",""confidence"":0.6331313252449036,""x1"":0.0,""y1"":0.0,""x2"":640.0,""y2"":611.7950439453125}]"
147,0.0,1.209803000165266,46.5936309992685,0.4421459998411592,49.323834,49.323834,1,"[{""class_id"":2,""class_name"":""robot"",""confidence"":0.6331313252449036,""x1"":0.0,""y1"":0.0,""x2"":640.0,""y2"":611.7950439453125}]"
148,0.0,1.0369819992774865,50.8545549982955,0.4544729999906849,53.3994,53.3994,1,"[{""class_id"":2,""class_name"":""robot"",""confidence"":0.6331313252449036,""x1"":0.0,""y1"":0.0,""x2"":640.0,""y2"":611.7950439453125}]"
149,0.0,1.183166001283098,50.025684000502224,0.4394349998619873,51.982826,51.982826,1,"[{""class_id"":2,""class_name"":""robot"",""confidence"":0.6331313252449036,""x1"":0.0,""y1"":0.0,""x2"":640.0,""y2"":611.7950439453125}]"
150,0.0,1.0479530010343296,45.849436000935384,0.44980600068811327,48.540379,48.540379,1,"[{""class_id"":2,""class_name"":""robot"",""confidence"":0.6331313252449036,""x1"":0.0,""y1"":0.0,""x2"":640.0,""y2"":611.7950439453125}]"
151,0.0,1.0112309992109658,50.64633099937055,0.4442079989530612,52.428438,52.428438,1,"[{""class_id"":2,""class_name"":""robot"",""confidence"":0.6331313252449036,""x1"":0.0,""y1"":0.0,""x2"":640.0,""y2"":611.7950439453125}]"
152,0.0,0.9789010000531562,48.331083000448416,0.44215300113137346,50.930275,50.930275,1,"[{""class_id"":2,""class_name"":""robot"",""confidence"":0.6331313252449036,""x1"":0.0,""y1"":0.0,""x2"":640.0,""y2"":611.7950439453125}]"
153,0.0,1.3468569995893631,50.026180000713794,0.45395099914458115,52.187614,52.187614,1,"[{""class_id"":2,""class_name"":""robot"",""confidence"":0.6331313252449036,""x1"":0.0,""y1"":0.0,""x2"":640.0,""y2"":611.7950439453125}]"
154,0.0,0.957612001002417,51.82333899938385,0.4436069993971614,53.540324,53.540324,1,"[{""class_id"":2,""class_name"":""robot"",""confidence"":0.6331313252449036,""x1"":0.0,""y1"":0.0,""x2"":640.0,""y2"":611.7950439453125}]"
155,0.0,1.1750140001822729,50.700202000371064,0.444326000433648,52.648486,52.648486,1,"[{""class_id"":2,""class_name"":""robot"",""confidence"":0.6331313252449036,""x1"":0.0,""y1"":0.0,""x2"":640.0,""y2"":611.7950439453125}]"
156,0.0,1.085099000192713,48.036350000984385,0.4725859998870874,50.724267,50.724267,1,"[{""class_id"":2,""class_name"":""robot"",""confidence"":0.6331313252449036,""x1"":0.0,""y1"":0.0,""x2"":640.0,""y2"":611.7950439453125}]"
157,0.0,1.0057340005005244,49.32548400029191,0.46278099944174755,51.129185,51.129185,1,"[{""class_id"":2,""class_name"":""robot"",""confidence"":0.6331313252449036,""x1"":0.0,""y1"":0.0,""x2"":640.0,""y2"":611.7950439453125}]"
158,0.0,1.166983000075561,49.36918400017021,0.44036799954483286,52.336293,52.336293,1,"[{""class_id"":2,""class_name"":""robot"",""confidence"":0.6331313252449036,""x1"":0.0,""y1"":0.0,""x2"":640.0,""y2"":611.7950439453125}]"
159,0.0,1.0248990001855418,49.64667300009751,0.45625100028701127,51.454306,51.454306,1,"[{""class_id"":2,""class_name"":""robot"",""confidence"":0.6331313252449036,""x1"":0.0,""y1"":0.0,""x2"":640.0,""y2"":611.7950439453125}]"
160,0.0,1.0296740001649596,47.518200999547844,0.463617001514649,49.328399,49.328399,1,"[{""class_id"":2,""class_name"":""robot"",""confidence"":0.6331313252449036,""x1"":0.0,""y1"":0.0,""x2"":640.0,""y2"":611.7950439453125}]"
161,0.0,0.9795579990168335,48.70526999911817,0.4394429997773841,50.437416,50.437416,1,"[{""class_id"":2,""class_name"":""robot"",""confidence"":0.6331313252449036,""x1"":0.0,""y1"":0.0,""x2"":640.0,""y2"":611.7950439453125}]"
162,0.0,0.9804380006244173,49.80661300032807,0.4503979998844443,51.547474,51.547474,1,"[{""class_id"":2,""class_name"":""robot"",""confidence"":0.6331313252449036,""x1"":0.0,""y1"":0.0,""x2"":640.0,""y2"":611.7950439453125}]"
163,0.0,1.0471429995959625,49.31341900010011,0.44234299821255263,52.000128,52.000128,1,"[{""class_id"":2,""class_name"":""robot"",""confidence"":0.6331313252449036,""x1"":0.0,""y1"":0.0,""x2"":640.0,""y2"":611.7950439453125}]"
164,0.0,1.0154760002478724,49.393969999073306,0.4412749985931441,51.927626,51.927626,1,"[{""class_id"":2,""class_name"":""robot"",""confidence"":0.6331313252449036,""x1"":0.0,""y1"":0.0,""x2"":640.0,""y2"":611.7950439453125}]"
165,0.0,1.3221689987403806,47.17134500060638,0.43627500053844415,50.13001,50.13001,1,"[{""class_id"":2,""class_name"":""robot"",""confidence"":0.6331313252449036,""x1"":0.0,""y1"":0.0,""x2"":640.0,""y2"":611.7950439453125}]"
166,0.0,1.1495630005811108,50.198728999021114,0.5681590009771753,52.23648,52.23648,1,"[{""class_id"":2,""class_name"":""robot"",""confidence"":0.6331313252449036,""x1"":0.0,""y1"":0.0,""x2"":640.0,""y2"":611.7950439453125}]"
167,0.0,0.9834579996095272,48.5661650000111,0.45317700096347835,50.973581,50.973581,1,"[{""class_id"":2,""class_name"":""robot"",""confidence"":0.6331313252449036,""x1"":0.0,""y1"":0.0,""x2"":640.0,""y2"":611.7950439453125}]"
168,0.0,1.1130279999633785,50.514790000306675,0.45070899977872614,53.3177,53.3177,1,"[{""class_id"":2,""class_name"":""robot"",""confidence"":0.6331313252449036,""x1"":0.0,""y1"":0.0,""x2"":640.0,""y2"":611.7950439453125}]"
169,0.0,0.9971970011974918,50.21948200010229,0.4540629997791257,51.994891,51.994891,1,"[{""class_id"":2,""class_name"":""robot"",""confidence"":0.6331313252449036,""x1"":0.0,""y1"":0.0,""x2"":640.0,""y2"":611.7950439453125}]"
170,0.0,0.9303320002800319,48.62666799999715,0.43993600047542714,50.312561,50.312561,1,"[{""class_id"":2,""class_name"":""robot"",""confidence"":0.6331313252449036,""x1"":0.0,""y1"":0.0,""x2"":640.0,""y2"":611.7950439453125}]"
171,0.0,1.0570800004643388,46.47967100027017,0.4452960001799511,49.208353,49.208353,1,"[{""class_id"":2,""class_name"":""robot"",""confidence"":0.6331313252449036,""x1"":0.0,""y1"":0.0,""x2"":640.0,""y2"":611.7950439453125}]"
172,0.0,0.9933519995684037,50.24191299889935,0.4428610009199474,52.01163,52.01163,1,"[{""class_id"":2,""class_name"":""robot"",""confidence"":0.6331313252449036,""x1"":0.0,""y1"":0.0,""x2"":640.0,""y2"":611.7950439453125}]"
173,0.0,0.9564490010234294,47.77812500105938,0.44635899939748924,50.336935,50.336935,1,"[{""class_id"":2,""class_name"":""robot"",""confidence"":0.6331313252449036,""x1"":0.0,""y1"":0.0,""x2"":640.0,""y2"":611.7950439453125}]"
174,0.0,1.2057690000801813,50.47488899981545,0.5572089994529961,52.577833,52.577833,1,"[{""class_id"":2,""class_name"":""robot"",""confidence"":0.6331313252449036,""x1"":0.0,""y1"":0.0,""x2"":640.0,""y2"":611.7950439453125}]"
175,0.0,1.0823829998116707,45.62436200103548,0.4649820002669003,47.5223,47.5223,1,"[{""class_id"":2,""class_name"":""robot"",""confidence"":0.6331313252449036,""x1"":0.0,""y1"":0.0,""x2"":640.0,""y2"":611.7950439453125}]"
176,0.0,1.305739000599715,49.8732910000399,0.6528779995278455,52.213928,52.213928,1,"[{""class_id"":2,""class_name"":""robot"",""confidence"":0.6331313252449036,""x1"":0.0,""y1"":0.0,""x2"":640.0,""y2"":611.7950439453125}]"
177,0.0,1.0085260000778362,50.53266399954737,0.5669749989465345,52.473903,52.473903,1,"[{""class_id"":2,""class_name"":""robot"",""confidence"":0.6331313252449036,""x1"":0.0,""y1"":0.0,""x2"":640.0,""y2"":611.7950439453125}]"
178,0.0,1.1772669986385154,50.402902999849175,0.4699620003520977,52.431869,52.431869,1,"[{""class_id"":2,""class_name"":""robot"",""confidence"":0.6331313252449036,""x1"":0.0,""y1"":0.0,""x2"":640.0,""y2"":611.7950439453125}]"
179,0.0,1.063443000020925,47.78155700114439,0.46849899990775157,50.533487,50.533487,1,"[{""class_id"":2,""class_name"":""robot"",""confidence"":0.6331313252449036,""x1"":0.0,""y1"":0.0,""x2"":640.0,""y2"":611.7950439453125}]"
180,0.0,1.0177359999943292,50.22885000107635,0.47049600107129663,52.04692,52.04692,1,"[{""class_id"":2,""class_name"":""robot"",""confidence"":0.6331313252449036,""x1"":0.0,""y1"":0.0,""x2"":640.0,""y2"":611.7950439453125}]"
181,0.0,1.217730999997002,47.347641999294865,0.4488419999688631,49.37291,49.37291,1,"[{""class_id"":2,""class_name"":""robot"",""confidence"":0.6331313252449036,""x1"":0.0,""y1"":0.0,""x2"":640.0,""y2"":611.7950439453125}]"
182,0.0,1.0436829998070607,49.73635999886028,0.47013400035211816,51.571853,51.571853,1,"[{""class_id"":2,""class_name"":""robot"",""confidence"":0.6331313252449036,""x1"":0.0,""y1"":0.0,""x2"":640.0,""y2"":611.7950439453125}]"
183,0.0,0.9681720002845395,50.222466999912285,0.46369499978027306,51.97549,51.97549,1,"[{""class_id"":2,""class_name"":""robot"",""confidence"":0.6331313252449036,""x1"":0.0,""y1"":0.0,""x2"":640.0,""y2"":611.7950439453125}]"
184,0.0,1.0277080000378191,49.889464000443695,0.4460740001377417,52.851217,52.851217,1,"[{""class_id"":2,""class_name"":""robot"",""confidence"":0.6331313252449036,""x1"":0.0,""y1"":0.0,""x2"":640.0,""y2"":611.7950439453125}]"
185,0.0,1.276033000976895,50.02851600147551,0.46033300168346614,52.091912,52.091912,1,"[{""class_id"":2,""class_name"":""robot"",""confidence"":0.6331313252449036,""x1"":0.0,""y1"":0.0,""x2"":640.0,""y2"":611.7950439453125}]"
186,0.0,1.0325929997634375,50.23339599938481,0.459826000223984,52.037354,52.037354,1,"[{""class_id"":2,""class_name"":""robot"",""confidence"":0.6331313252449036,""x1"":0.0,""y1"":0.0,""x2"":640.0,""y2"":611.7950439453125}]"
187,0.0,1.0298110009898664,47.956354999769246,0.45627299914485775,49.767761,49.767761,1,"[{""class_id"":2,""class_name"":""robot"",""confidence"":0.6331313252449036,""x1"":0.0,""y1"":0.0,""x2"":640.0,""y2"":611.7950439453125}]"
188,0.0,1.1514360012370162,49.00560399983078,0.448389999291976,50.929247,50.929247,1,"[{""class_id"":2,""class_name"":""robot"",""confidence"":0.6331313252449036,""x1"":0.0,""y1"":0.0,""x2"":640.0,""y2"":611.7950439453125}]"
189,0.0,0.9922459994413657,50.405665000653244,0.4529170000751037,53.038029,53.038029,1,"[{""class_id"":2,""class_name"":""robot"",""confidence"":0.6331313252449036,""x1"":0.0,""y1"":0.0,""x2"":640.0,""y2"":611.7950439453125}]"
190,0.0,1.1356919985701097,47.557153999150614,0.4548209999484243,50.258401,50.258401,1,"[{""class_id"":2,""class_name"":""robot"",""confidence"":0.6331313252449036,""x1"":0.0,""y1"":0.0,""x2"":640.0,""y2"":611.7950439453125}]"
191,0.0,1.0038979999080766,50.61833400031901,0.4499909991864115,52.396054,52.396054,1,"[{""class_id"":2,""class_name"":""robot"",""confidence"":0.6331313252449036,""x1"":0.0,""y1"":0.0,""x2"":640.0,""y2"":611.7950439453125}]"
192,0.0,0.9330779994343175,46.51891300090938,0.4457520008145366,48.215421,48.215421,1,"[{""class_id"":2,""class_name"":""robot"",""confidence"":0.6331313252449036,""x1"":0.0,""y1"":0.0,""x2"":640.0,""y2"":611.7950439453125}]"
193,0.0,0.9323760004917858,50.463785000829375,0.4504309999902034,52.999228,52.999228,1,"[{""class_id"":2,""class_name"":""robot"",""confidence"":0.6331313252449036,""x1"":0.0,""y1"":0.0,""x2"":640.0,""y2"":611.7950439453125}]"
194,0.0,1.19215099948633,47.602238000763464,0.44284599971433636,49.569546,49.569546,1,"[{""class_id"":2,""class_name"":""robot"",""confidence"":0.6331313252449036,""x1"":0.0,""y1"":0.0,""x2"":640.0,""y2"":611.7950439453125}]"
195,0.0,0.9532740004942752,47.92013199948997,0.4464670000743354,49.648931,49.648931,1,"[{""class_id"":2,""class_name"":""robot"",""confidence"":0.6331313252449036,""x1"":0.0,""y1"":0.0,""x2"":640.0,""y2"":611.7950439453125}]"
196,0.0,0.9695469998405315,49.04462300146406,0.4571529989334522,50.789098,50.789098,1,"[{""class_id"":2,""class_name"":""robot"",""confidence"":0.6331313252449036,""x1"":0.0,""y1"":0.0,""x2"":640.0,""y2"":611.7950439453125}]"
197,0.0,1.0066399991046637,50.62464699949487,0.43714000094041694,53.302634,53.302634,1,"[{""class_id"":2,""class_name"":""robot"",""confidence"":0.6331313252449036,""x1"":0.0,""y1"":0.0,""x2"":640.0,""y2"":611.7950439453125}]"
198,0.0,1.0696490007831017,51.570993000495946,0.4660300000978168,54.28966,54.28966,1,"[{""class_id"":2,""class_name"":""robot"",""confidence"":0.6331313252449036,""x1"":0.0,""y1"":0.0,""x2"":640.0,""y2"":611.7950439453125}]"
199,0.0,1.2148309997428441,49.152600000525126,0.46009399920876604,51.152298,51.152298,1,"[{""class_id"":2,""class_name"":""robot"",""confidence"":0.6331313252449036,""x1"":0.0,""y1"":0.0,""x2"":640.0,""y2"":611.7950439453125}]"
200,0.0,0.929664000068442,49.33885999889753,0.44908800009579863,51.900185,51.900185,1,"[{""class_id"":2,""class_name"":""robot"",""confidence"":0.6331313252449036,""x1"":0.0,""y1"":0.0,""x2"":640.0,""y2"":611.7950439453125}]"
201,0.0,1.168564998806687,48.73181299990392,0.4567260002659168,50.676257,50.676257,1,"[{""class_id"":2,""class_name"":""robot"",""confidence"":0.6331313252449036,""x1"":0.0,""y1"":0.0,""x2"":640.0,""y2"":611.7950439453125}]"
202,0.0,1.1245739988225978,49.16278299970145,0.4503090003709076,51.063232,51.063232,1,"[{""class_id"":2,""class_name"":""robot"",""confidence"":0.6331313252449036,""x1"":0.0,""y1"":0.0,""x2"":640.0,""y2"":611.7950439453125}]"
203,0.0,1.04891199953272,49.57744799867214,0.5198440012463834,51.466293,51.466293,1,"[{""class_id"":2,""class_name"":""robot"",""confidence"":0.6331313252449036,""x1"":0.0,""y1"":0.0,""x2"":640.0,""y2"":611.7950439453125}]"
204,0.0,0.9635509995860048,48.52076899987878,0.4392970004118979,50.23935,50.23935,1,"[{""class_id"":2,""class_name"":""robot"",""confidence"":0.6331313252449036,""x1"":0.0,""y1"":0.0,""x2"":640.0,""y2"":611.7950439453125}]"
205,0.0,1.075397000022349,47.320387999207014,0.4459449992282316,49.825844,49.825844,1,"[{""class_id"":2,""class_name"":""robot"",""confidence"":0.6331313252449036,""x1"":0.0,""y1"":0.0,""x2"":640.0,""y2"":611.7950439453125}]"
206,0.0,1.0216020000370918,49.1356429993175,0.44186699960846454,51.609414,51.609414,1,"[{""class_id"":2,""class_name"":""robot"",""confidence"":0.6331313252449036,""x1"":0.0,""y1"":0.0,""x2"":640.0,""y2"":611.7950439453125}]"
207,0.0,0.9853350002231309,50.02411100031168,0.4506839995883638,51.784427,51.784427,1,"[{""class_id"":2,""class_name"":""robot"",""confidence"":0.6331313252449036,""x1"":0.0,""y1"":0.0,""x2"":640.0,""y2"":611.7950439453125}]"
208,0.0,0.9986779987229966,50.93212300016603,0.4602210010489216,52.715427,52.715427,1,"[{""class_id"":2,""class_name"":""robot"",""confidence"":0.6331313252449036,""x1"":0.0,""y1"":0.0,""x2"":640.0,""y2"":611.7950439453125}]"
209,0.0,1.1143720003019553,47.92212300162646,0.46075700083747506,49.81859,49.81859,1,"[{""class_id"":2,""class_name"":""robot"",""confidence"":0.6331313252449036,""x1"":0.0,""y1"":0.0,""x2"":640.0,""y2"":611.7950439453125}]"
210,0.0,0.9931909989973065,47.02451400044083,0.4436670005816268,48.778591,48.778591,1,"[{""class_id"":2,""class_name"":""robot"",""confidence"":0.6331313252449036,""x1"":0.0,""y1"":0.0,""x2"":640.0,""y2"":611.7950439453125}]"
211,0.0,0.9005340016301489,48.32626200004597,0.4615560010279296,50.002856,50.002856,1,"[{""class_id"":2,""class_name"":""robot"",""confidence"":0.6331313252449036,""x1"":0.0,""y1"":0.0,""x2"":640.0,""y2"":611.7950439453125}]"
212,0.0,0.9844810010690708,48.41628500071238,0.4504509997786954,50.176916,50.176916,1,"[{""class_id"":2,""class_name"":""robot"",""confidence"":0.6331313252449036,""x1"":0.0,""y1"":0.0,""x2"":640.0,""y2"":611.7950439453125}]"
213,0.0,0.9657820010033902,49.49227900033293,0.44363800043356605,51.21594,51.21594,1,"[{""class_id"":2,""class_name"":""robot"",""confidence"":0.6331313252449036,""x1"":0.0,""y1"":0.0,""x2"":640.0,""y2"":611.7950439453125}]"
214,0.0,0.9838869991654065,51.54813099943567,0.5315929993230384,53.409382,53.409382,1,"[{""class_id"":2,""class_name"":""robot"",""confidence"":0.6331313252449036,""x1"":0.0,""y1"":0.0,""x2"":640.0,""y2"":611.7950439453125}]"
215,0.0,1.11619199924462,49.19588600023417,0.6417340009647887,52.156527,52.156527,1,"[{""class_id"":2,""class_name"":""robot"",""confidence"":0.6331313252449036,""x1"":0.0,""y1"":0.0,""x2"":640.0,""y2"":611.7950439453125}]"
216,0.0,1.4899300003889948,49.19812899970566,0.6350610001391033,52.683694,52.683694,1,"[{""class_id"":2,""class_name"":""robot"",""confidence"":0.6331313252449036,""x1"":0.0,""y1"":0.0,""x2"":640.0,""y2"":611.7950439453125}]"
217,0.0,1.296933000048739,48.74347199984186,0.44968800102651585,50.827496,50.827496,1,"[{""class_id"":2,""class_name"":""robot"",""confidence"":0.6331313252449036,""x1"":0.0,""y1"":0.0,""x2"":640.0,""y2"":611.7950439453125}]"
218,0.0,0.9890430010273121,50.72383700098726,0.46973499956948217,52.505848,52.505848,1,"[{""class_id"":2,""class_name"":""robot"",""confidence"":0.6331313252449036,""x1"":0.0,""y1"":0.0,""x2"":640.0,""y2"":611.7950439453125}]"
219,0.0,1.0553690008237027,50.852111000494915,0.45455700092134066,52.674519,52.674519,1,"[{""class_id"":2,""class_name"":""robot"",""confidence"":0.6331313252449036,""x1"":0.0,""y1"":0.0,""x2"":640.0,""y2"":611.7950439453125}]"
220,0.0,0.9573029983585002,48.018620000220835,0.44214300032763276,50.556575,50.556575,1,"[{""class_id"":2,""class_name"":""robot"",""confidence"":0.6331313252449036,""x1"":0.0,""y1"":0.0,""x2"":640.0,""y2"":611.7950439453125}]"
221,0.0,1.001992999590584,49.94622099911794,0.43626099977700505,51.721204,51.721204,1,"[{""class_id"":2,""class_name"":""robot"",""confidence"":0.6331313252449036,""x1"":0.0,""y1"":0.0,""x2"":640.0,""y2"":611.7950439453125}]"
222,0.0,0.9512090000498574,48.61625000012282,0.4396370004542405,50.324926,50.324926,1,"[{""class_id"":2,""class_name"":""robot"",""confidence"":0.6331313252449036,""x1"":0.0,""y1"":0.0,""x2"":640.0,""y2"":611.7950439453125}]"
223,0.0,0.9760639986780006,46.44446099882771,0.4507430003286572,48.874332,48.874332,1,"[{""class_id"":2,""class_name"":""robot"",""confidence"":0.6331313252449036,""x1"":0.0,""y1"":0.0,""x2"":640.0,""y2"":611.7950439453125}]"
224,0.0,0.9859649999270914,50.40897599974414,0.4564909995679045,53.036079,53.036079,1,"[{""class_id"":2,""class_name"":""robot"",""confidence"":0.6331313252449036,""x1"":0.0,""y1"":0.0,""x2"":640.0,""y2"":611.7950439453125}]"
225,0.0,0.9973820015147794,49.603524999838555,0.4595850004989188,52.088576,52.088576,1,"[{""class_id"":2,""class_name"":""robot"",""confidence"":0.6331313252449036,""x1"":0.0,""y1"":0.0,""x2"":640.0,""y2"":611.7950439453125}]"
226,0.0,1.0100310009875102,50.50964900146937,0.5181209999136627,53.076329,53.076329,1,"[{""class_id"":2,""class_name"":""robot"",""confidence"":0.6331313252449036,""x1"":0.0,""y1"":0.0,""x2"":640.0,""y2"":611.7950439453125}]"
227,0.0,1.0471490004420048,50.12668999916059,0.4366369994386332,51.951731,51.951731,1,"[{""class_id"":2,""class_name"":""robot"",""confidence"":0.6331313252449036,""x1"":0.0,""y1"":0.0,""x2"":640.0,""y2"":611.7950439453125}]"
228,0.0,0.9635250007704599,49.00851799902739,0.44128999979875516,50.730617,50.730617,1,"[{""class_id"":2,""class_name"":""robot"",""confidence"":0.6331313252449036,""x1"":0.0,""y1"":0.0,""x2"":640.0,""y2"":611.7950439453125}]"
229,0.0,1.029012000799412,46.082904998911545,0.4463240002223756,47.882963,47.882963,1,"[{""class_id"":2,""class_name"":""robot"",""confidence"":0.6331313252449036,""x1"":0.0,""y1"":0.0,""x2"":640.0,""y2"":611.7950439453125}]"
230,0.0,0.9685790009825723,49.84212099952856,0.45807300011802,51.580222,51.580222,1,"[{""class_id"":2,""class_name"":""robot"",""confidence"":0.6331313252449036,""x1"":0.0,""y1"":0.0,""x2"":640.0,""y2"":611.7950439453125}]"
231,0.0,0.9496900001977338,50.346873998933006,0.4489349994400982,52.063297,52.063297,1,"[{""class_id"":2,""class_name"":""robot"",""confidence"":0.6331313252449036,""x1"":0.0,""y1"":0.0,""x2"":640.0,""y2"":611.7950439453125}]"
232,0.0,0.9522729997115675,45.91048099973705,0.44536399946082383,47.634201,47.634201,1,"[{""class_id"":2,""class_name"":""robot"",""confidence"":0.6331313252449036,""x1"":0.0,""y1"":0.0,""x2"":640.0,""y2"":611.7950439453125}]"
233,0.0,0.9441740003239829,50.43287300031807,0.46970400035206694,52.177386,52.177386,1,"[{""class_id"":2,""class_name"":""robot"",""confidence"":0.6331313252449036,""x1"":0.0,""y1"":0.0,""x2"":640.0,""y2"":611.7950439453125}]"
234,0.0,0.9952310010703513,50.511168999946676,0.4433390004123794,52.264577,52.264577,1,"[{""class_id"":2,""class_name"":""robot"",""confidence"":0.6331313252449036,""x1"":0.0,""y1"":0.0,""x2"":640.0,""y2"":611.7950439453125}]"
235,0.0,0.95993700051622,46.1154370004806,0.4457559989532456,47.836915,47.836915,1,"[{""class_id"":2,""class_name"":""robot"",""confidence"":0.6331313252449036,""x1"":0.0,""y1"":0.0,""x2"":640.0,""y2"":611.7950439453125}]"
236,0.0,0.9411459996044869,50.373822001347435,0.4415499988681404,52.07301,52.07301,1,"[{""class_id"":2,""class_name"":""robot"",""confidence"":0.6331313252449036,""x1"":0.0,""y1"":0.0,""x2"":640.0,""y2"":611.7950439453125}]"
237,0.0,1.1010079997504363,46.341352001036284,0.4541099988273345,48.21457,48.21457,1,"[{""class_id"":2,""class_name"":""robot"",""confidence"":0.6331313252449036,""x1"":0.0,""y1"":0.0,""x2"":640.0,""y2"":611.7950439453125}]"
238,0.0,1.0042230005637975,46.34154399900581,0.4570260007312754,48.13758,48.13758,1,"[{""class_id"":2,""class_name"":""robot"",""confidence"":0.6331313252449036,""x1"":0.0,""y1"":0.0,""x2"":640.0,""y2"":611.7950439453125}]"
239,0.0,0.9426159995200578,46.890990999600035,0.4330299998400733,48.585177,48.585177,1,"[{""class_id"":2,""class_name"":""robot"",""confidence"":0.6331313252449036,""x1"":0.0,""y1"":0.0,""x2"":640.0,""y2"":611.7950439453125}]"
240,0.0,0.9450709985685535,49.422019999838085,0.4394190000311937,52.062111,52.062111,1,"[{""class_id"":2,""class_name"":""robot"",""confidence"":0.6331313252449036,""x1"":0.0,""y1"":0.0,""x2"":640.0,""y2"":611.7950439453125}]"
241,0.0,1.066201000867295,51.29411599955347,0.4418659991642926,53.126142,53.126142,1,"[{""class_id"":2,""class_name"":""robot"",""confidence"":0.6331313252449036,""x1"":0.0,""y1"":0.0,""x2"":640.0,""y2"":611.7950439453125}]"
242,0.0,1.1691859999700682,49.54370999985258,0.4480980005610036,51.488302,51.488302,1,"[{""class_id"":2,""class_name"":""robot"",""confidence"":0.6331313252449036,""x1"":0.0,""y1"":0.0,""x2"":640.0,""y2"":611.7950439453125}]"
243,0.0,1.0290730006090598,47.229629000867135,0.4620790004992159,49.951564,49.951564,1,"[{""class_id"":2,""class_name"":""robot"",""confidence"":0.6331313252449036,""x1"":0.0,""y1"":0.0,""x2"":640.0,""y2"":611.7950439453125}]"
244,0.0,1.076935001037782,49.100049000117,0.46162400030880235,50.967973,50.967973,1,"[{""class_id"":2,""class_name"":""robot"",""confidence"":0.6331313252449036,""x1"":0.0,""y1"":0.0,""x2"":640.0,""y2"":611.7950439453125}]"
245,0.0,0.9704780004540225,49.22534399884171,0.45140200018067844,50.96053,50.96053,1,"[{""class_id"":2,""class_name"":""robot"",""confidence"":0.6331313252449036,""x1"":0.0,""y1"":0.0,""x2"":640.0,""y2"":611.7950439453125}]"
246,0.0,1.0822650001500733,47.47460399994452,0.4451099994184915,49.321275,49.321275,1,"[{""class_id"":2,""class_name"":""robot"",""confidence"":0.6331313252449036,""x1"":0.0,""y1"":0.0,""x2"":640.0,""y2"":611.7950439453125}]"
247,0.0,0.9782280012586853,50.927272999615525,0.463238000520505,52.682075,52.682075,1,"[{""class_id"":2,""class_name"":""robot"",""confidence"":0.6331313252449036,""x1"":0.0,""y1"":0.0,""x2"":640.0,""y2"":611.7950439453125}]"
248,0.0,0.9797399998205947,49.68504000134999,0.4327989990997594,51.404748,51.404748,1,"[{""class_id"":2,""class_name"":""robot"",""confidence"":0.6331313252449036,""x1"":0.0,""y1"":0.0,""x2"":640.0,""y2"":611.7950439453125}]"
249,0.0,1.0394290002295747,46.78220800087729,0.4730689997813897,48.62172,48.62172,1,"[{""class_id"":2,""class_name"":""robot"",""confidence"":0.6331313252449036,""x1"":0.0,""y1"":0.0,""x2"":640.0,""y2"":611.7950439453125}]"
250,0.0,0.9588789998815628,47.563309999532066,0.44768800034944434,50.223989,50.223989,1,"[{""class_id"":2,""class_name"":""robot"",""confidence"":0.6331313252449036,""x1"":0.0,""y1"":0.0,""x2"":640.0,""y2"":611.7950439453125}]"
251,0.0,1.3391470001806738,51.0874440005864,0.43905300117330626,53.191459,53.191459,1,"[{""class_id"":2,""class_name"":""robot"",""confidence"":0.6331313252449036,""x1"":0.0,""y1"":0.0,""x2"":640.0,""y2"":611.7950439453125}]"
252,0.0,1.112136000301689,48.03462900054001,0.4438959986146074,51.159231,51.159231,1,"[{""class_id"":2,""class_name"":""robot"",""confidence"":0.6331313252449036,""x1"":0.0,""y1"":0.0,""x2"":640.0,""y2"":611.7950439453125}]"
253,0.0,1.2990579998586327,49.60052600108611,0.43799699960800353,51.682386,51.682386,1,"[{""class_id"":2,""class_name"":""robot"",""confidence"":0.6331313252449036,""x1"":0.0,""y1"":0.0,""x2"":640.0,""y2"":611.7950439453125}]"
254,0.0,0.9824610006035073,47.670243999164086,0.5098660003568511,49.497232,49.497232,1,"[{""class_id"":2,""class_name"":""robot"",""confidence"":0.6331313252449036,""x1"":0.0,""y1"":0.0,""x2"":640.0,""y2"":611.7950439453125}]"
255,0.0,1.0341519991925452,48.28112799987139,0.4527910004981095,50.086223,50.086223,1,"[{""class_id"":2,""class_name"":""robot"",""confidence"":0.6331313252449036,""x1"":0.0,""y1"":0.0,""x2"":640.0,""y2"":611.7950439453125}]"
256,0.0,0.9798060000321129,49.607136999838986,0.4478489991015522,52.228683,52.228683,1,"[{""class_id"":2,""class_name"":""robot"",""confidence"":0.6331313252449036,""x1"":0.0,""y1"":0.0,""x2"":640.0,""y2"":611.7950439453125}]"
257,0.0,0.9790849999262718,50.7022860001598,0.4551960009848699,52.464306,52.464306,1,"[{""class_id"":2,""class_name"":""robot"",""confidence"":0.6331313252449036,""x1"":0.0,""y1"":0.0,""x2"":640.0,""y2"":611.7950439453125}]"
258,0.0,0.953968999965582,48.77945199950773,0.4412660000525648,51.301435,51.301435,1,"[{""class_id"":2,""class_name"":""robot"",""confidence"":0.6331313252449036,""x1"":0.0,""y1"":0.0,""x2"":640.0,""y2"":611.7950439453125}]"
259,0.0,1.1650100004771957,47.90886199953093,0.4495630000747042,49.853473,49.853473,1,"[{""class_id"":2,""class_name"":""robot"",""confidence"":0.6331313252449036,""x1"":0.0,""y1"":0.0,""x2"":640.0,""y2"":611.7950439453125}]"
260,0.0,1.0485839993634727,49.78936500083364,0.46872799975972157,51.638041,51.638041,1,"[{""class_id"":2,""class_name"":""robot"",""confidence"":0.6331313252449036,""x1"":0.0,""y1"":0.0,""x2"":640.0,""y2"":611.7950439453125}]"
261,0.0,1.054381000358262,45.91671500020311,0.4409419998410158,47.727778,47.727778,1,"[{""class_id"":2,""class_name"":""robot"",""confidence"":0.6331313252449036,""x1"":0.0,""y1"":0.0,""x2"":640.0,""y2"":611.7950439453125}]"
262,0.0,0.9344770005554892,48.94610500014096,0.4421240009833127,50.647181,50.647181,1,"[{""class_id"":2,""class_name"":""robot"",""confidence"":0.6331313252449036,""x1"":0.0,""y1"":0.0,""x2"":640.0,""y2"":611.7950439453125}]"
263,0.0,0.9295319996454054,47.30200299854914,0.4612639986589784,49.008583,49.008583,1,"[{""class_id"":2,""class_name"":""robot"",""confidence"":0.6331313252449036,""x1"":0.0,""y1"":0.0,""x2"":640.0,""y2"":611.7950439453125}]"
264,0.0,0.9936500009644078,49.642048999885446,0.43500500032678246,52.177579,52.177579,1,"[{""class_id"":2,""class_name"":""robot"",""confidence"":0.6331313252449036,""x1"":0.0,""y1"":0.0,""x2"":640.0,""y2"":611.7950439453125}]"
265,0.0,0.9649340008763829,50.76034599915147,0.6826859989814693,52.747691,52.747691,1,"[{""class_id"":2,""class_name"":""robot"",""confidence"":0.6331313252449036,""x1"":0.0,""y1"":0.0,""x2"":640.0,""y2"":611.7950439453125}]"
266,0.0,1.414084999851184,49.8577700000169,0.4574650010908954,52.051273,52.051273,1,"[{""class_id"":2,""class_name"":""robot"",""confidence"":0.6331313252449036,""x1"":0.0,""y1"":0.0,""x2"":640.0,""y2"":611.7950439453125}]"
267,0.0,1.0952129996439908,49.414110000725486,0.5174950001674006,52.254925,52.254925,1,"[{""class_id"":2,""class_name"":""robot"",""confidence"":0.6331313252449036,""x1"":0.0,""y1"":0.0,""x2"":640.0,""y2"":611.7950439453125}]"
268,0.0,1.0431070004415233,50.2582959998108,0.4461999997147359,52.099538,52.099538,1,"[{""class_id"":2,""class_name"":""robot"",""confidence"":0.6331313252449036,""x1"":0.0,""y1"":0.0,""x2"":640.0,""y2"":611.7950439453125}]"
269,0.0,0.9772039993549697,50.213734999488224,0.4505750002863351,52.780871,52.780871,1,"[{""class_id"":2,""class_name"":""robot"",""confidence"":0.6331313252449036,""x1"":0.0,""y1"":0.0,""x2"":640.0,""y2"":611.7950439453125}]"
270,0.0,1.2139039990870515,47.66404500151111,0.4776740006491309,49.726173,49.726173,1,"[{""class_id"":2,""class_name"":""robot"",""confidence"":0.6331313252449036,""x1"":0.0,""y1"":0.0,""x2"":640.0,""y2"":611.7950439453125}]"
271,0.0,1.0247650006931508,47.75674400116259,0.4646859997592401,50.635223,50.635223,1,"[{""class_id"":2,""class_name"":""robot"",""confidence"":0.6331313252449036,""x1"":0.0,""y1"":0.0,""x2"":640.0,""y2"":611.7950439453125}]"
272,0.0,1.2855420009145746,48.16128799939179,0.49968900020758156,50.282834,50.282834,1,"[{""class_id"":2,""class_name"":""robot"",""confidence"":0.6331313252449036,""x1"":0.0,""y1"":0.0,""x2"":640.0,""y2"":611.7950439453125}]"
273,0.0,1.0074000001623062,50.35525000130292,0.4417220006871503,52.90815,52.90815,1,"[{""class_id"":2,""class_name"":""robot"",""confidence"":0.6331313252449036,""x1"":0.0,""y1"":0.0,""x2"":640.0,""y2"":611.7950439453125}]"
274,0.0,1.1412739986553788,51.115487000060966,0.4439809999894351,53.831267,53.831267,1,"[{""class_id"":2,""class_name"":""robot"",""confidence"":0.6331313252449036,""x1"":0.0,""y1"":0.0,""x2"":640.0,""y2"":611.7950439453125}]"
275,0.0,0.9874160004983423,49.73780000000261,0.44645399975706823,51.494783,51.494783,1,"[{""class_id"":2,""class_name"":""robot"",""confidence"":0.6331313252449036,""x1"":0.0,""y1"":0.0,""x2"":640.0,""y2"":611.7950439453125}]"
276,0.0,1.0366070000600303,47.49490999893169,0.4635460009012604,49.332491,49.332491,1,"[{""class_id"":2,""class_name"":""robot"",""confidence"":0.6331313252449036,""x1"":0.0,""y1"":0.0,""x2"":640.0,""y2"":611.7950439453125}]"
277,0.0,1.0040280012617586,49.24197800028196,0.4560879988275701,51.016949,51.016949,1,"[{""class_id"":2,""class_name"":""robot"",""confidence"":0.6331313252449036,""x1"":0.0,""y1"":0.0,""x2"":640.0,""y2"":611.7950439453125}]"
278,0.0,1.1792250006692484,49.50667900084227,0.434547999248025,51.450512,51.450512,1,"[{""class_id"":2,""class_name"":""robot"",""confidence"":0.6331313252449036,""x1"":0.0,""y1"":0.0,""x2"":640.0,""y2"":611.7950439453125}]"
279,0.0,0.9887590003927471,52.08535800011305,0.44342100045469124,54.616509,54.616509,1,"[{""class_id"":2,""class_name"":""robot"",""confidence"":0.6331313252449036,""x1"":0.0,""y1"":0.0,""x2"":640.0,""y2"":611.7950439453125}]"
280,0.0,1.2006320012005745,48.255732999678,0.4395420000946615,50.220625,50.220625,1,"[{""class_id"":2,""class_name"":""robot"",""confidence"":0.6331313252449036,""x1"":0.0,""y1"":0.0,""x2"":640.0,""y2"":611.7950439453125}]"
281,0.0,0.9477130006416701,49.73425599928305,0.4505120014073327,52.226277,52.226277,1,"[{""class_id"":2,""class_name"":""robot"",""confidence"":0.6331313252449036,""x1"":0.0,""y1"":0.0,""x2"":640.0,""y2"":611.7950439453125}]"
282,0.0,0.9908209995046491,49.9027109999588,0.46837900117679965,51.765386,51.765386,1,"[{""class_id"":2,""class_name"":""robot"",""confidence"":0.6331313252449036,""x1"":0.0,""y1"":0.0,""x2"":640.0,""y2"":611.7950439453125}]"
283,0.0,1.3352200003282633,50.65949099844147,0.4542860006040428,52.839987,52.839987,1,"[{""class_id"":2,""class_name"":""robot"",""confidence"":0.6331313252449036,""x1"":0.0,""y1"":0.0,""x2"":640.0,""y2"":611.7950439453125}]"
284,0.0,1.0096770001837285,50.132751999626635,0.5518799989658874,52.004866,52.004866,1,"[{""class_id"":2,""class_name"":""robot"",""confidence"":0.6331313252449036,""x1"":0.0,""y1"":0.0,""x2"":640.0,""y2"":611.7950439453125}]"
285,0.0,1.0450270001456374,45.246629999383,0.4487849982979242,47.060386,47.060386,1,"[{""class_id"":2,""class_name"":""robot"",""confidence"":0.6331313252449036,""x1"":0.0,""y1"":0.0,""x2"":640.0,""y2"":611.7950439453125}]"
286,0.0,0.9764500009623589,48.23162600041542,0.4438310006662505,51.13554,51.13554,1,"[{""class_id"":2,""class_name"":""robot"",""confidence"":0.6331313252449036,""x1"":0.0,""y1"":0.0,""x2"":640.0,""y2"":611.7950439453125}]"
287,0.0,1.385921999826678,46.92065600102069,0.43777600149041973,49.89927,49.89927,1,"[{""class_id"":2,""class_name"":""robot"",""confidence"":0.6331313252449036,""x1"":0.0,""y1"":0.0,""x2"":640.0,""y2"":611.7950439453125}]"
288,0.0,0.9919419990183087,50.025221999021596,0.4705020000983495,51.828027,51.828027,1,"[{""class_id"":2,""class_name"":""robot"",""confidence"":0.6331313252449036,""x1"":0.0,""y1"":0.0,""x2"":640.0,""y2"":611.7950439453125}]"
289,0.0,1.0682209995138692,48.50393900051131,0.4353659987827996,51.102675,51.102675,1,"[{""class_id"":2,""class_name"":""robot"",""confidence"":0.6331313252449036,""x1"":0.0,""y1"":0.0,""x2"":640.0,""y2"":611.7950439453125}]"
290,0.0,1.236629999766592,46.27272399920912,0.45215399950393476,49.09454,49.09454,1,"[{""class_id"":2,""class_name"":""robot"",""confidence"":0.6331313252449036,""x1"":0.0,""y1"":0.0,""x2"":640.0,""y2"":611.7950439453125}]"
291,0.0,1.0597829987091245,50.15919300058158,0.45013599992671516,52.019985,52.019985,1,"[{""class_id"":2,""class_name"":""robot"",""confidence"":0.6331313252449036,""x1"":0.0,""y1"":0.0,""x2"":640.0,""y2"":611.7950439453125}]"
292,0.0,0.9835240016400348,48.712007999711204,0.46333399950526655,50.493368,50.493368,1,"[{""class_id"":2,""class_name"":""robot"",""confidence"":0.6331313252449036,""x1"":0.0,""y1"":0.0,""x2"":640.0,""y2"":611.7950439453125}]"
293,0.0,0.9931710010278039,46.45020999851113,0.4419310007506283,48.206595,48.206595,1,"[{""class_id"":2,""class_name"":""robot"",""confidence"":0.6331313252449036,""x1"":0.0,""y1"":0.0,""x2"":640.0,""y2"":611.7950439453125}]"
294,0.0,0.9657340015110094,48.340978000851464,0.4362189993116772,50.971158,50.971158,1,"[{""class_id"":2,""class_name"":""robot"",""confidence"":0.6331313252449036,""x1"":0.0,""y1"":0.0,""x2"":640.0,""y2"":611.7950439453125}]"
295,0.0,1.0827729984157486,50.33055499916372,0.4472960008570226,52.184094,52.184094,1,"[{""class_id"":2,""class_name"":""robot"",""confidence"":0.6331313252449036,""x1"":0.0,""y1"":0.0,""x2"":640.0,""y2"":611.7950439453125}]"
296,0.0,1.2442460010788636,50.98710600032064,0.4370869992271764,52.997173,52.997173,1,"[{""class_id"":2,""class_name"":""robot"",""confidence"":0.6331313252449036,""x1"":0.0,""y1"":0.0,""x2"":640.0,""y2"":611.7950439453125}]"
297,0.0,0.9357899998576613,46.23330399954284,0.4891560001851758,48.002011,48.002011,1,"[{""class_id"":2,""class_name"":""robot"",""confidence"":0.6331313252449036,""x1"":0.0,""y1"":0.0,""x2"":640.0,""y2"":611.7950439453125}]"
298,0.0,1.0678540002118098,48.39531699872168,0.46839300011924934,50.253631,50.253631,1,"[{""class_id"":2,""class_name"":""robot"",""confidence"":0.6331313252449036,""x1"":0.0,""y1"":0.0,""x2"":640.0,""y2"":611.7950439453125}]"
299,0.0,1.0594679988571443,47.03164300008211,0.4636880003090482,48.873767,48.873767,1,"[{""class_id"":2,""class_name"":""robot"",""confidence"":0.6331313252449036,""x1"":0.0,""y1"":0.0,""x2"":640.0,""y2"":611.7950439453125}]"
300,0.0,1.377327000227524,50.03108200071438,0.4587969997373875,52.188822,52.188822,1,"[{""class_id"":2,""class_name"":""robot"",""confidence"":0.6331313252449036,""x1"":0.0,""y1"":0.0,""x2"":640.0,""y2"":611.7950439453125}]"
