timestamp_utc,monotonic_ns,node_pid,process_cpu_percent,system_cpu_percent,per_core_cpu_percent,rss_bytes,vms_bytes,system_memory_used_bytes,system_memory_available_bytes,system_memory_percent,thermal_zone_temperatures_c
2026-09-23T13:34:16.561836+00:00,7161605515001,21818,865.9,0.0,"[0.0, 0.0, 0.0, 0.0, 0.0, 0.0, 0.0, 0.0, 0.0, 0.0, 0.0, 0.0, 0.0, 0.0, 0.0, 0.0]",274927616,2983899136,4531544064,2961469440,62.4,"[66.0, 67.0, 51.0]"
2026-09-23T13:34:16.764106+00:00,7161807736567,21818,663.0,43.4,"[57.9, 14.3, 38.9, 9.5, 40.0, 0.0, 55.0, 5.0, 57.9, 61.9, 57.9, 55.0, 60.0, 60.0, 57.9, 57.9]",274927616,2983899136,4528996352,2964017152,62.4,"[57.0, 67.0, 51.0]"
2026-09-23T13:34:16.966835+00:00,7162010464631,21818,468.7,33.3,"[38.1, 10.5, 28.6, 0.0, 55.0, 9.1, 40.0, 13.6, 42.9, 40.0, 42.9, 45.0, 40.0, 40.0, 45.0, 45.0]",274927616,2983899136,4528783360,2964230144,62.4,"[67.0, 67.0, 51.0]"
2026-09-23T13:34:17.168116+00:00,7162211734737,21818,869.5,56.0,"[73.7, 5.3, 65.0, 13.6, 54.5, 14.3, 57.1, 10.0, 73.7, 80.0, 73.7, 78.9, 78.9, 80.0, 76.2, 80.0]",274927616,2983899136,4528267264,2964746240,62.4,"[70.0, 67.0, 51.0]"
2026-09-23T13:34:17.369526+00:00,7162413144339,21818,844.1,55.7,"[75.0, 14.3, 50.0, 5.3, 55.0, 9.5, 55.0, 10.0, 77.3, 75.0, 80.0, 75.0, 75.0, 76.2, 78.9, 80.0]",274927616,2983899136,4528525312,2964488192,62.4,"[69.0, 67.0, 51.0]"
2026-09-23T13:34:17.570949+00:00,7162614567416,21818,834.1,55.3,"[55.0, 10.0, 61.9, 5.0, 50.0, 4.8, 75.0, 10.0, 70.0, 78.9, 75.0, 75.0, 80.0, 77.8, 76.2, 80.0]",274927616,2983899136,4528525312,2964488192,62.4,"[66.0, 67.0, 51.0]"
2026-09-23T13:34:17.772164+00:00,7162815781786,21818,586.4,38.9,"[42.1, 5.3, 36.8, 5.3, 35.0, 9.5, 31.6, 15.0, 55.0, 55.0, 55.0, 52.6, 57.9, 57.1, 55.0, 57.1]",274927616,2983899136,4524441600,2968571904,62.3,"[61.0, 67.0, 51.0]"
2026-09-23T13:34:17.973772+00:00,7163017393724,21818,858.1,55.6,"[66.7, 5.0, 57.9, 9.5, 60.0, 10.0, 47.6, 5.0, 78.9, 80.0, 78.9, 76.2, 75.0, 75.0, 78.9, 76.2]",274927616,2983899136,4524441600,2968571904,62.3,"[68.0, 67.0, 51.0]"
2026-09-23T13:34:18.175426+00:00,7163219055553,21818,466.1,31.8,"[36.8, 13.6, 33.3, 5.0, 30.0, 10.0, 35.0, 9.5, 47.6, 40.0, 42.9, 45.0, 42.9, 40.0, 42.9, 42.1]",274927616,2983899136,4524187648,2968825856,62.3,"[55.0, 68.0, 51.0]"
2026-09-23T13:34:18.378048+00:00,7163421668136,21818,621.9,42.9,"[42.1, 5.3, 60.0, 10.0, 35.0, 10.5, 35.0, 5.3, 55.0, 61.9, 60.0, 60.0, 57.9, 66.7, 57.9, 63.6]",274927616,2983899136,4524187648,2968825856,62.3,"[64.0, 68.0, 51.0]"
2026-09-23T13:34:18.579937+00:00,7163623571450,21818,485.3,32.3,"[33.3, 10.0, 40.0, 0.0, 31.6, 5.0, 31.6, 14.3, 42.9, 45.0, 42.1, 45.0, 45.0, 42.1, 42.9, 44.4]",274927616,2983899136,4524183552,2968825856,62.3,"[54.0, 68.0, 51.0]"
2026-09-23T13:34:18.783075+00:00,7163826694224,21818,802.6,53.6,"[47.4, 10.5, 60.0, 10.0, 60.0, 13.6, 45.0, 9.5, 73.7, 75.0, 75.0, 76.2, 81.0, 75.0, 75.0, 76.2]",274927616,2983899136,4523622400,2969387008,62.3,"[65.0, 68.0, 51.0]"
2026-09-23T13:34:18.984937+00:00,7164028557923,21818,460.7,31.0,"[26.3, 5.0, 35.0, 10.5, 31.6, 5.3, 30.0, 0.0, 42.9, 42.1, 42.9, 36.8, 45.0, 42.9, 45.0, 45.0]",274927616,2983899136,4521365504,2971643904,62.3,"[68.0, 68.0, 51.0]"
2026-09-23T13:34:19.186283+00:00,7164229902304,21818,834.4,55.1,"[55.0, 10.0, 50.0, 14.3, 52.4, 5.0, 76.2, 9.5, 75.0, 71.4, 75.0, 76.2, 75.0, 78.9, 78.9, 76.2]",274927616,2983899136,4521365504,2971643904,62.3,"[69.0, 68.0, 51.0]"
2026-09-23T13:34:19.387681+00:00,7164431311501,21818,397.2,27.5,"[26.3, 10.0, 25.0, 0.0, 31.6, 5.0, 26.3, 5.0, 38.1, 40.0, 40.0, 31.6, 36.8, 35.0, 38.1, 36.8]",274927616,2983899136,4521365504,2971643904,62.3,"[66.0, 68.0, 51.0]"
2026-09-23T13:34:19.589085+00:00,7164632705136,21818,849.1,55.6,"[65.0, 10.0, 50.0, 5.0, 55.0, 5.0, 61.9, 10.0, 75.0, 80.0, 78.9, 81.0, 80.0, 80.0, 80.0, 78.9]",274927616,2983899136,4521107456,2971901952,62.3,"[70.0, 68.0, 51.0]"
2026-09-23T13:34:19.790471+00:00,7164834088328,21818,844.2,54.7,"[60.0, 9.5, 70.0, 5.0, 55.0, 10.0, 65.0, 9.5, 73.7, 73.7, 75.0, 75.0, 75.0, 78.9, 75.0, 81.0]",274927616,2983899136,4517916672,2975092736,62.2,"[66.0, 68.0, 51.0]"
2026-09-23T13:34:19.991939+00:00,7165035558568,21818,402.0,28.6,"[33.3, 14.3, 33.3, 5.0, 28.6, 15.0, 21.1, 0.0, 40.9, 35.0, 35.0, 35.0, 47.6, 38.1, 38.1, 36.8]",274927616,2983899136,4518817792,2974191616,62.2,"[68.0, 68.0, 51.0]"
2026-09-23T13:34:20.193225+00:00,7165236843261,21818,581.3,39.4,"[35.0, 10.0, 45.0, 4.8, 35.0, 5.3, 42.9, 5.0, 50.0, 57.1, 55.0, 52.6, 52.6, 55.0, 55.0, 57.1]",274927616,2983899136,4518817792,2974191616,62.2,"[67.0, 68.0, 51.0]"
2026-09-23T13:34:20.394426+00:00,7165438046983,21818,854.8,55.8,"[52.6, 10.0, 65.0, 5.0, 70.0, 4.8, 55.0, 10.0, 75.0, 80.0, 78.9, 76.2, 80.0, 78.9, 78.9, 80.0]",274927616,2983899136,4518817792,2974191616,62.2,"[69.0, 67.0, 51.0]"
2026-09-23T13:34:20.596223+00:00,7165639843699,21818,812.7,54.0,"[50.0, 5.3, 52.4, 5.3, 90.0, 0.0, 52.4, 0.0, 71.4, 73.7, 71.4, 75.0, 73.9, 72.7, 77.3, 75.0]",274927616,2983899136,4518817792,2974191616,62.2,"[66.0, 67.0, 51.0]"
2026-09-23T13:34:20.797419+00:00,7165841034765,21818,790.3,52.9,"[50.0, 10.0, 63.2, 10.0, 70.0, 9.5, 45.0, 9.5, 71.4, 72.7, 72.7, 72.7, 75.0, 70.0, 68.4, 76.2]",274927616,2983899136,4517171200,2975838208,62.2,"[61.0, 67.0, 51.0]"
2026-09-23T13:34:20.999442+00:00,7166043071044,21818,4.9,3.7,"[15.0, 5.0, 10.0, 0.0, 5.0, 0.0, 0.0, 5.0, 5.0, 0.0, 0.0, 0.0, 0.0, 0.0, 0.0, 0.0]",274927616,2983899136,4517171200,2975838208,62.2,"[54.0, 67.0, 51.0]"
2026-09-23T13:34:21.202227+00:00,7166245864339,21818,0.0,4.0,"[10.0, 5.0, 15.8, 5.0, 20.0, 9.1, 0.0, 4.8, 0.0, 0.0, 0.0, 0.0, 0.0, 0.0, 0.0, 0.0]",274927616,2983899136,4517171200,2975838208,62.2,"[53.0, 67.0, 51.0]"
2026-09-23T13:34:21.405597+00:00,7166449220201,21818,19.7,5.9,"[10.0, 9.1, 23.8, 5.0, 20.0, 5.0, 4.8, 0.0, 4.8, 5.0, 0.0, 0.0, 5.0, 4.8, 4.8, 4.8]",274927616,2983899136,4517171200,2975838208,62.2,"[54.0, 67.0, 51.0]"
2026-09-23T13:34:21.608236+00:00,7166651853855,21818,868.6,57.7,"[63.2, 5.3, 75.0, 10.0, 50.0, 5.3, 55.0, 13.6, 76.2, 84.2, 81.0, 80.0, 81.0, 80.0, 80.0, 84.2]",274927616,2983899136,4517683200,2975326208,62.2,"[67.0, 67.0, 51.0]"
2026-09-23T13:34:21.809503+00:00,7166853120245,21818,859.6,57.1,"[52.4, 10.0, 66.7, 10.0, 55.0, 5.3, 71.4, 0.0, 76.2, 77.3, 80.0, 77.3, 81.0, 81.0, 81.0, 80.0]",274927616,2983899136,4517105664,2975903744,62.2,"[69.0, 67.0, 51.0]"
2026-09-23T13:34:22.010723+00:00,7167054349066,21818,854.6,55.5,"[55.0, 10.0, 78.9, 13.6, 61.9, 10.0, 47.4, 5.0, 75.0, 75.0, 73.7, 75.0, 77.8, 80.0, 75.0, 75.0]",274927616,2983899136,4516036608,2976972800,62.2,"[64.0, 67.0, 51.0]"
2026-09-23T13:34:22.212231+00:00,7167255865564,21818,843.7,55.9,"[65.0, 5.3, 57.1, 5.0, 55.0, 9.5, 68.2, 5.0, 76.2, 80.0, 81.0, 75.0, 81.0, 76.2, 75.0, 81.0]",274927616,2983899136,4516036608,2976972800,62.2,"[69.0, 67.0, 51.0]"
2026-09-23T13:34:22.413797+00:00,7167457416627,21818,848.4,55.6,"[60.0, 10.0, 52.6, 10.0, 50.0, 5.3, 80.0, 0.0, 75.0, 76.2, 75.0, 78.9, 75.0, 75.0, 80.0, 80.0]",274927616,2983899136,4515520512,2977488896,62.2,"[71.0, 67.0, 51.0]"
2026-09-23T13:34:22.615231+00:00,7167658850732,21818,819.1,54.0,"[52.4, 14.3, 50.0, 0.0, 47.6, 5.0, 76.2, 5.3, 76.2, 78.9, 76.2, 76.2, 75.0, 80.0, 75.0, 77.8]",274927616,2983899136,4515520512,2977488896,62.2,"[70.0, 66.0, 51.0]"
2026-09-23T13:34:22.816750+00:00,7167860369499,21818,843.6,55.9,"[57.1, 10.5, 57.1, 5.0, 70.0, 0.0, 60.0, 9.5, 71.4, 75.0, 81.0, 76.2, 80.0, 76.2, 78.9, 81.0]",274927616,2983899136,4514840576,2978168832,62.2,"[69.0, 66.0, 51.0]"
2026-09-23T13:34:23.018147+00:00,7168061767681,21818,829.2,54.2,"[55.6, 10.0, 63.2, 5.0, 50.0, 14.3, 60.0, 5.3, 70.0, 75.0, 75.0, 80.0, 71.4, 73.7, 76.2, 75.0]",274927616,2983899136,4514582528,2978430976,62.2,"[70.0, 66.0, 52.0]"
2026-09-23T13:34:23.219597+00:00,7168263269337,21818,803.7,54.1,"[59.1, 10.0, 52.4, 0.0, 61.9, 5.0, 52.4, 9.5, 76.2, 76.2, 71.4, 72.7, 75.0, 81.0, 72.7, 76.2]",274927616,2983899136,4514582528,2978430976,62.2,"[68.0, 66.0, 52.0]"
2026-09-23T13:34:23.421698+00:00,7168465330656,21818,603.8,40.4,"[40.0, 5.0, 70.0, 5.0, 35.0, 9.5, 35.0, 5.3, 57.1, 52.4, 57.1, 55.0, 57.1, 55.0, 52.6, 55.0]",274927616,2983899136,4514582528,2978430976,62.2,"[57.0, 66.0, 52.0]"
2026-09-23T13:34:23.624528+00:00,7168668153499,21818,641.1,41.6,"[35.3, 5.3, 76.2, 0.0, 36.8, 5.3, 31.6, 5.0, 55.0, 61.9, 57.9, 55.6, 57.9, 57.9, 61.9, 57.9]",274927616,2983899136,4514582528,2978430976,62.2,"[65.0, 66.0, 52.0]"
2026-09-23T13:34:23.825891+00:00,7168869507140,21818,789.7,51.7,"[52.4, 13.6, 50.0, 5.0, 70.0, 5.0, 57.9, 10.0, 70.0, 73.7, 71.4, 70.0, 70.0, 70.0, 73.7, 75.0]",274927616,2983899136,4515098624,2977914880,62.2,"[60.0, 66.0, 52.0]"
2026-09-23T13:34:24.026979+00:00,7169070596118,21818,373.0,28.1,"[28.6, 5.3, 30.0, 15.0, 28.6, 0.0, 23.8, 10.0, 38.1, 35.0, 40.0, 35.0, 38.1, 35.0, 38.1, 35.0]",274927616,2983899136,4514242560,2978770944,62.2,"[64.0, 66.0, 52.0]"
2026-09-23T13:34:24.228197+00:00,7169271815375,21818,869.7,57.3,"[55.0, 5.0, 85.7, 5.0, 55.0, 10.0, 60.0, 5.3, 76.2, 75.0, 75.0, 81.0, 78.9, 81.0, 80.0, 85.0]",274927616,2983899136,4512935936,2980077568,62.2,"[68.0, 66.0, 52.0]"
2026-09-23T13:34:24.429671+00:00,7169473291884,21818,699.8,46.1,"[45.0, 5.0, 50.0, 0.0, 60.0, 10.0, 47.6, 10.0, 65.0, 60.0, 65.0, 61.9, 71.4, 60.0, 63.2, 65.0]",274927616,2983899136,4512935936,2980077568,62.2,"[57.0, 66.0, 52.0]"
2026-09-23T13:34:24.631968+00:00,7169675588885,21818,519.0,37.3,"[40.0, 10.0, 38.1, 5.0, 38.1, 5.3, 38.1, 13.6, 45.0, 52.4, 50.0, 52.4, 50.0, 50.0, 52.4, 50.0]",274927616,2983899136,4512935936,2980077568,62.2,"[65.0, 66.0, 53.0]"
2026-09-23T13:34:24.833329+00:00,7169876949271,21818,749.9,49.5,"[47.4, 10.0, 42.1, 18.2, 42.1, 9.5, 70.0, 5.3, 66.7, 68.4, 70.0, 68.4, 65.0, 70.0, 70.0, 70.0]",274927616,2983899136,4511735808,2981277696,62.1,"[63.0, 66.0, 53.0]"
2026-09-23T13:34:25.034756+00:00,7170078374464,21818,645.4,42.8,"[42.9, 10.0, 70.0, 0.0, 40.0, 10.0, 36.8, 9.5, 55.0, 57.1, 57.1, 60.0, 61.9, 61.9, 60.0, 63.2]",274927616,2983899136,4511735808,2981277696,62.1,"[60.0, 66.0, 53.0]"
2026-09-23T13:34:25.235985+00:00,7170279610619,21818,402.5,29.3,"[21.1, 5.3, 42.1, 5.3, 20.0, 10.0, 30.0, 0.0, 40.0, 40.0, 42.9, 40.9, 36.8, 36.8, 40.0, 42.9]",274927616,2983899136,4511735808,2981277696,62.1,"[57.0, 66.0, 53.0]"
2026-09-23T13:34:25.437945+00:00,7170481587369,21818,440.6,30.1,"[45.5, 14.3, 28.6, 5.0, 30.0, 0.0, 33.3, 9.5, 42.9, 36.8, 36.8, 42.1, 40.0, 38.1, 38.1, 36.8]",274927616,2983899136,4511735808,2981277696,62.1,"[54.0, 66.0, 53.0]"
2026-09-23T13:34:25.641565+00:00,7170685195044,21818,579.6,39.5,"[35.0, 10.5, 38.1, 4.8, 35.0, 14.3, 45.0, 10.0, 55.0, 54.5, 57.1, 52.4, 57.1, 60.0, 55.0, 57.1]",274927616,2983899136,4511735808,2981277696,62.1,"[55.0, 66.0, 53.0]"
2026-09-23T13:34:25.844258+00:00,7170887886101,21818,818.9,53.1,"[50.0, 9.5, 55.0, 5.0, 80.0, 5.0, 50.0, 10.0, 70.0, 73.7, 75.0, 73.7, 73.7, 68.4, 75.0, 77.8]",274927616,2983899136,4510789632,2982223872,62.1,"[63.0, 66.0, 53.0]"
2026-09-23T13:34:26.046563+00:00,7171090194825,21818,553.6,36.7,"[35.0, 5.3, 31.6, 5.3, 42.1, 10.0, 52.6, 14.3, 50.0, 47.6, 47.4, 52.4, 50.0, 50.0, 50.0, 50.0]",274927616,2983899136,4510789632,2982223872,62.1,"[56.0, 66.0, 53.0]"
2026-09-23T13:34:26.249333+00:00,7171292951051,21818,828.7,54.9,"[47.4, 10.0, 63.2, 0.0, 65.0, 10.0, 55.0, 10.0, 71.4, 75.0, 76.2, 75.0, 80.0, 78.9, 80.0, 75.0]",274927616,2983899136,4510789632,2982223872,62.1,"[68.0, 66.0, 53.0]"
2026-09-23T13:34:26.450582+00:00,7171494201986,21818,834.8,54.5,"[55.0, 10.0, 63.2, 9.5, 66.7, 5.0, 60.0, 5.0, 71.4, 75.0, 71.4, 76.2, 76.2, 76.2, 75.0, 75.0]",274927616,2983899136,4510789632,2982223872,62.1,"[66.0, 66.0, 53.0]"
2026-09-23T13:34:26.652004+00:00,7171695624003,21818,848.9,54.3,"[55.6, 5.0, 70.0, 0.0, 63.2, 5.3, 52.6, 5.3, 68.4, 73.7, 78.9, 73.7, 75.0, 76.2, 78.9, 77.8]",274927616,2983899136,4510789632,2982223872,62.1,"[69.0, 66.0, 53.0]"
2026-09-23T13:34:26.853365+00:00,7171896985888,21818,849.2,55.6,"[55.0, 9.5, 70.0, 5.0, 76.2, 9.5, 55.0, 19.0, 71.4, 76.2, 75.0, 76.2, 80.0, 77.8, 73.7, 80.0]",274927616,2983899136,4510531584,2982481920,62.1,"[65.0, 66.0, 53.0]"
2026-09-23T13:34:27.054799+00:00,7172098418721,21818,858.9,55.7,"[52.6, 5.3, 55.0, 5.3, 84.2, 0.0, 52.6, 5.0, 76.2, 76.2, 76.2, 80.0, 75.0, 80.0, 80.0, 75.0]",274927616,2983899136,4510531584,2982481920,62.1,"[70.0, 66.0, 53.0]"
2026-09-23T13:34:27.256271+00:00,7172299903550,21818,521.1,36.7,"[35.0, 10.0, 33.3, 10.0, 45.0, 9.5, 45.0, 5.0, 47.6, 50.0, 50.0, 50.0, 52.4, 47.6, 47.6, 50.0]",274927616,2983899136,4510531584,2982481920,62.1,"[60.0, 66.0, 53.0]"
2026-09-23T13:34:27.457905+00:00,7172501532641,21818,853.1,57.3,"[52.4, 10.0, 60.0, 0.0, 70.0, 5.3, 59.1, 10.5, 76.2, 78.9, 77.3, 77.3, 84.2, 81.0, 81.0, 80.0]",274927616,2983899136,4510531584,2982481920,62.1,"[63.0, 66.0, 53.0]"
2026-09-23T13:34:27.659352+00:00,7172702972591,21818,839.0,54.9,"[55.0, 5.0, 50.0, 9.5, 76.2, 5.0, 65.0, 9.5, 70.0, 76.2, 73.7, 78.9, 76.2, 75.0, 73.7, 80.0]",274927616,2983899136,4510531584,2982481920,62.1,"[68.0, 66.0, 53.0]"
2026-09-23T13:34:27.860722+00:00,7172904342343,21818,859.1,56.6,"[52.6, 5.3, 55.0, 5.0, 73.7, 5.0, 57.9, 10.0, 75.0, 76.2, 76.2, 81.0, 81.0, 80.0, 80.0, 81.0]",274927616,2983899136,4510531584,2982481920,62.1,"[72.0, 66.0, 53.0]"
2026-09-23T13:34:28.062093+00:00,7173105713284,21818,883.9,58.2,"[57.1, 10.0, 55.0, 5.0, 95.0, 0.0, 57.1, 10.0, 76.2, 81.0, 80.0, 80.0, 80.0, 81.0, 80.0, 80.0]",274927616,2983899136,4510531584,2982481920,62.1,"[71.0, 66.0, 53.0]"
2026-09-23T13:34:28.263582+00:00,7173307202313,21818,843.7,56.0,"[57.1, 15.0, 52.4, 9.5, 71.4, 9.5, 71.4, 0.0, 75.0, 75.0, 76.2, 76.2, 77.3, 75.0, 76.2, 80.0]",274927616,2983899136,4510531584,2982481920,62.1,"[70.0, 66.0, 53.0]"
2026-09-23T13:34:28.465253+00:00,7173508885564,21818,550.3,37.0,"[36.8, 5.3, 40.0, 5.0, 55.0, 5.0, 31.6, 5.0, 45.0, 50.0, 52.4, 50.0, 47.4, 52.4, 50.0, 50.0]",274927616,2983899136,4510531584,2982481920,62.1,"[61.0, 66.0, 53.0]"
2026-09-23T13:34:28.668345+00:00,7173711962398,21818,837.2,55.3,"[50.0, 15.0, 47.4, 5.0, 65.0, 5.3, 57.9, 5.0, 70.0, 76.2, 75.0, 76.2, 78.9, 81.0, 81.0, 81.0]",274927616,2983899136,4510531584,2982481920,62.1,"[69.0, 66.0, 53.0]"
2026-09-23T13:34:28.869880+00:00,7173913499985,21818,828.6,53.8,"[52.6, 14.3, 47.4, 5.0, 50.0, 5.0, 95.0, 4.8, 71.4, 73.7, 76.2, 73.7, 76.2, 77.8, 75.0, 73.7]",274927616,2983899136,4510527488,2982481920,62.1,"[69.0, 66.0, 53.0]"
2026-09-23T13:34:29.071092+00:00,7174114709497,21818,825.0,53.9,"[55.0, 10.0, 61.9, 5.3, 42.1, 5.3, 70.0, 5.0, 75.0, 76.2, 73.7, 77.3, 75.0, 76.2, 73.7, 80.0]",274927616,2983899136,4510527488,2982481920,62.1,"[71.0, 66.0, 53.0]"
2026-09-23T13:34:29.272515+00:00,7174316134407,21818,814.2,53.1,"[52.6, 0.0, 47.4, 5.0, 55.0, 9.5, 69.6, 10.5, 70.0, 70.0, 75.0, 73.7, 75.0, 75.0, 76.2, 75.0]",274927616,2983899136,4510527488,2982486016,62.1,"[70.0, 66.0, 53.0]"
2026-09-23T13:34:29.473795+00:00,7174517414236,21818,834.7,54.8,"[55.0, 10.0, 55.0, 5.0, 55.0, 5.3, 66.7, 5.0, 76.2, 75.0, 75.0, 75.0, 85.7, 75.0, 80.0, 73.7]",274927616,2983899136,4510527488,2982486016,62.1,"[70.0, 67.0, 53.0]"
2026-09-23T13:34:29.675061+00:00,7174718680204,21818,819.8,55.0,"[57.1, 5.3, 57.1, 5.0, 57.1, 5.3, 60.0, 0.0, 75.0, 76.2, 76.2, 77.3, 76.2, 77.3, 81.0, 77.3]",274927616,2983899136,4510527488,2982486016,62.1,"[72.0, 67.0, 53.0]"
2026-09-23T13:34:29.876454+00:00,7174920073659,21818,685.2,46.6,"[50.0, 15.0, 52.4, 5.3, 42.9, 18.2, 52.4, 14.3, 57.1, 63.6, 63.6, 65.0, 63.2, 63.2, 65.0, 63.2]",274927616,2983899136,4510527488,2982486016,62.1,"[69.0, 67.0, 53.0]"
2026-09-23T13:34:30.078102+00:00,7175121720207,21818,828.2,54.4,"[57.1, 5.3, 52.6, 5.0, 65.0, 5.3, 55.0, 5.0, 75.0, 77.8, 78.9, 75.0, 77.3, 76.2, 75.0, 78.9]",274927616,2983899136,4510527488,2982486016,62.1,"[72.0, 67.0, 53.0]"
2026-09-23T13:34:30.279576+00:00,7175323197641,21818,823.8,53.8,"[52.6, 14.3, 50.0, 0.0, 71.4, 5.0, 55.0, 0.0, 71.4, 71.4, 70.0, 80.0, 77.8, 80.0, 75.0, 76.2]",274927616,2983899136,4510527488,2982486016,62.1,"[65.0, 67.0, 53.0]"
2026-09-23T13:34:30.480925+00:00,7175524547805,21818,814.6,54.0,"[50.0, 10.5, 71.4, 5.0, 63.2, 10.0, 45.0, 5.0, 71.4, 76.2, 76.2, 76.2, 76.2, 75.0, 75.0, 75.0]",274927616,2983899136,4510527488,2982486016,62.1,"[70.0, 67.0, 53.0]"
2026-09-23T13:34:30.682352+00:00,7175725973000,21818,834.0,55.2,"[61.9, 10.0, 65.0, 0.0, 50.0, 10.0, 52.4, 5.0, 76.2, 76.2, 76.2, 75.0, 76.2, 81.0, 77.3, 81.0]",274927616,2983899136,4510527488,2982486016,62.1,"[68.0, 67.0, 53.0]"
2026-09-23T13:34:30.884100+00:00,7175927731566,21818,272.6,19.5,"[11.1, 5.3, 31.6, 4.8, 15.0, 5.3, 21.1, 5.0, 25.0, 21.1, 21.1, 28.6, 21.1, 25.0, 26.3, 25.0]",274927616,2983899136,4510527488,2982486016,62.1,"[56.0, 67.0, 53.0]"
2026-09-23T13:34:31.086938+00:00,7176130558101,21818,843.2,55.8,"[55.0, 10.5, 65.0, 5.3, 50.0, 5.0, 50.0, 10.0, 76.2, 81.0, 80.0, 80.0, 76.2, 80.0, 85.7, 83.3]",274927616,2983899136,4510527488,2982486016,62.1,"[70.0, 67.0, 53.0]"
2026-09-23T13:34:31.288330+00:00,7176331949893,21818,839.2,54.7,"[70.0, 10.0, 60.0, 9.5, 47.4, 5.0, 60.0, 5.3, 70.0, 73.7, 75.0, 75.0, 75.0, 80.0, 75.0, 76.2]",274927616,2983899136,4510527488,2982486016,62.1,"[68.0, 67.0, 53.0]"
2026-09-23T13:34:31.489544+00:00,7176533162915,21818,830.0,55.4,"[57.1, 5.0, 50.0, 4.8, 60.0, 9.5, 63.6, 10.0, 76.2, 77.3, 75.0, 81.0, 81.0, 77.3, 76.2, 80.0]",274927616,2983899136,4510527488,2982486016,62.1,"[67.0, 67.0, 53.0]"
2026-09-23T13:34:31.691029+00:00,7176734664494,21818,575.6,38.7,"[42.1, 10.0, 42.9, 0.0, 40.0, 10.5, 36.8, 5.0, 55.0, 52.6, 54.5, 52.6, 50.0, 52.6, 52.6, 55.0]",274927616,2983899136,4510527488,2982486016,62.1,"[60.0, 64.0, 53.0]"
2026-09-23T13:34:31.893943+00:00,7176937563385,21818,828.1,55.0,"[50.0, 9.5, 70.0, 5.0, 50.0, 9.5, 60.0, 10.0, 75.0, 76.2, 80.0, 77.3, 81.0, 76.2, 77.3, 76.2]",274927616,2983899136,4510527488,2982486016,62.1,"[68.0, 64.0, 53.0]"
2026-09-23T13:34:32.095519+00:00,7177139138820,21818,833.5,54.7,"[50.0, 10.0, 55.0, 5.0, 70.0, 0.0, 55.0, 10.0, 76.2, 71.4, 75.0, 75.0, 78.9, 76.2, 75.0, 81.0]",274927616,2983899136,4510527488,2982486016,62.1,"[69.0, 64.0, 53.0]"
2026-09-23T13:34:32.297119+00:00,7177340739631,21818,555.6,38.4,"[40.0, 5.3, 47.6, 5.0, 35.0, 10.5, 40.0, 15.0, 50.0, 52.6, 52.4, 52.6, 50.0, 52.6, 55.0, 47.4]",274927616,2983899136,4510527488,2982486016,62.1,"[61.0, 64.0, 53.0]"
2026-09-23T13:34:32.498603+00:00,7177542220884,21818,843.8,55.3,"[50.0, 9.5, 80.0, 5.3, 57.9, 9.5, 50.0, 5.3, 75.0, 76.2, 76.2, 75.0, 75.0, 73.7, 75.0, 78.9]",274927616,2983899136,4510527488,2982486016,62.1,"[69.0, 64.0, 53.0]"
2026-09-23T13:34:32.699943+00:00,7177743562905,21818,804.6,52.5,"[52.6, 10.0, 65.0, 13.6, 57.9, 5.0, 52.4, 5.0, 71.4, 68.4, 73.7, 75.0, 75.0, 81.0, 76.2, 76.2]",274927616,2983899136,4510527488,2982486016,62.1,"[68.0, 64.0, 53.0]"
2026-09-23T13:34:32.901324+00:00,7177944947216,21818,834.3,55.0,"[60.0, 5.3, 47.4, 10.0, 57.1, 5.0, 50.0, 5.0, 76.2, 81.0, 78.9, 75.0, 75.0, 81.0, 75.0, 78.9]",274927616,2983899136,4510527488,2982486016,62.1,"[70.0, 64.0, 53.0]"
2026-09-23T13:34:33.102658+00:00,7178146277578,21818,705.3,48.2,"[50.0, 10.0, 61.9, 5.3, 45.0, 10.0, 42.9, 5.3, 61.9, 65.0, 66.7, 66.7, 71.4, 68.4, 66.7, 68.2]",274927616,2983899136,4510527488,2982486016,62.1,"[67.0, 64.0, 53.0]"
2026-09-23T13:34:33.304437+00:00,7178348067406,21818,550.0,37.8,"[50.0, 5.3, 35.0, 10.0, 38.1, 5.3, 40.0, 4.8, 50.0, 52.4, 50.0, 52.4, 50.0, 50.0, 50.0, 55.0]",274927616,2983899136,4510527488,2982486016,62.1,"[60.0, 64.0, 53.0]"
2026-09-23T13:34:33.507289+00:00,7178550909098,21818,853.0,56.2,"[52.4, 5.0, 52.4, 14.3, 61.9, 14.3, 70.0, 5.0, 76.2, 75.0, 81.0, 75.0, 76.2, 81.0, 85.0, 80.0]",274927616,2983899136,4510527488,2982486016,62.1,"[71.0, 64.0, 53.0]"
2026-09-23T13:34:33.708690+00:00,7178752307595,21818,849.1,56.0,"[55.0, 10.0, 60.0, 10.5, 61.1, 0.0, 50.0, 5.3, 75.0, 75.0, 80.0, 80.0, 80.0, 80.0, 84.2, 76.2]",274927616,2983899136,4510527488,2982486016,62.1,"[69.0, 64.0, 53.0]"
2026-09-23T13:34:33.910302+00:00,7178953922311,21818,853.1,56.3,"[55.0, 14.3, 52.4, 14.3, 70.0, 10.0, 66.7, 9.5, 76.2, 77.3, 80.0, 76.2, 75.0, 81.0, 77.3, 80.0]",274927616,2983899136,4510527488,2982486016,62.1,"[70.0, 67.0, 53.0]"
2026-09-23T13:34:34.111786+00:00,7179155404431,21818,838.8,53.8,"[50.0, 5.3, 61.1, 5.3, 50.0, 9.5, 72.2, 5.0, 77.8, 76.5, 75.0, 75.0, 75.0, 73.7, 78.9, 73.7]",274927616,2983899136,4510785536,2982227968,62.1,"[69.0, 67.0, 53.0]"
2026-09-23T13:34:34.313509+00:00,7179357129290,21818,852.6,57.1,"[55.0, 5.3, 81.0, 9.5, 60.0, 5.0, 50.0, 5.0, 72.7, 77.3, 76.2, 75.0, 80.0, 81.0, 77.3, 80.0]",274927616,2983899136,4511031296,2981982208,62.1,"[72.0, 67.0, 53.0]"
2026-09-23T13:34:34.514964+00:00,7179558583621,21818,814.1,53.4,"[50.0, 18.2, 50.0, 5.3, 90.0, 5.0, 50.0, 10.0, 70.0, 70.0, 73.7, 80.0, 75.0, 75.0, 75.0, 75.0]",274927616,2983899136,4511031296,2981982208,62.1,"[72.0, 67.0, 53.0]"
2026-09-23T13:34:34.716399+00:00,7179760018856,21818,824.1,53.6,"[52.4, 5.0, 50.0, 9.5, 68.4, 5.0, 52.6, 9.5, 75.0, 76.2, 75.0, 71.4, 76.2, 75.0, 81.0, 80.0]",274927616,2983899136,4511031296,2981982208,62.1,"[72.0, 67.0, 53.0]"
2026-09-23T13:34:34.917826+00:00,7179961443344,21818,809.2,53.6,"[52.6, 10.5, 55.0, 5.3, 66.7, 5.0, 47.4, 5.0, 71.4, 75.0, 72.7, 78.9, 75.0, 75.0, 73.7, 80.0]",274927616,2983899136,4510990336,2982023168,62.1,"[71.0, 67.0, 53.0]"
2026-09-23T13:34:35.119226+00:00,7180162846373,21818,700.1,45.7,"[42.1, 9.5, 45.0, 10.5, 42.1, 5.0, 61.9, 5.0, 65.0, 60.0, 63.2, 65.0, 63.2, 66.7, 65.0, 65.0]",274927616,2983899136,4510990336,2982023168,62.1,"[61.0, 67.0, 53.0]"
2026-09-23T13:34:35.321462+00:00,7180365082230,21818,835.7,54.9,"[52.4, 5.3, 55.0, 4.8, 61.9, 10.0, 65.0, 5.3, 75.0, 75.0, 76.2, 81.0, 76.2, 75.0, 76.2, 75.0]",274927616,2983899136,4510990336,2982023168,62.1,"[69.0, 67.0, 53.0]"
2026-09-23T13:34:35.522712+00:00,7180566335375,21818,641.0,43.7,"[50.0, 9.5, 40.9, 5.3, 45.0, 5.0, 45.5, 14.3, 60.0, 61.9, 57.9, 61.9, 57.1, 60.0, 65.0, 60.0]",274927616,2983899136,4510990336,2982023168,62.1,"[65.0, 67.0, 53.0]"
2026-09-23T13:34:35.724564+00:00,7180768183698,21818,574.7,39.5,"[50.0, 10.0, 36.8, 5.0, 35.0, 5.3, 31.6, 5.3, 52.4, 52.6, 55.0, 55.0, 59.1, 60.0, 50.0, 55.0]",274927616,2983899136,4510990336,2982023168,62.1,"[62.0, 67.0, 53.0]"
2026-09-23T13:34:35.925924+00:00,7180969546984,21818,834.3,54.4,"[60.0, 0.0, 65.0, 9.5, 50.0, 5.0, 52.6, 10.0, 80.0, 75.0, 76.2, 84.2, 78.9, 75.0, 75.0, 80.0]",274927616,2983899136,4510990336,2982023168,62.1,"[67.0, 67.0, 53.0]"
2026-09-23T13:34:36.127525+00:00,7181171141526,21818,793.7,51.6,"[57.9, 10.0, 47.4, 10.0, 47.4, 9.5, 65.0, 10.0, 65.0, 70.0, 73.7, 70.0, 75.0, 73.7, 75.0, 71.4]",274927616,2983899136,4510990336,2982023168,62.1,"[61.0, 68.0, 53.0]"
2026-09-23T13:34:36.328700+00:00,7181372322194,21818,546.7,37.0,"[40.0, 0.0, 47.6, 9.5, 33.3, 15.0, 30.0, 5.0, 52.4, 52.4, 50.0, 52.6, 50.0, 50.0, 47.4, 52.6]",274927616,2983899136,4510990336,2982023168,62.1,"[69.0, 68.0, 53.0]"
2026-09-23T13:34:36.530020+00:00,7181573636943,21818,839.6,55.0,"[55.0, 10.0, 75.0, 10.0, 60.0, 10.0, 52.4, 10.0, 73.7, 73.7, 78.9, 76.2, 75.0, 75.0, 76.2, 73.7]",274927616,2983899136,4510990336,2982023168,62.1,"[66.0, 68.0, 53.0]"
2026-09-23T13:34:36.731452+00:00,7181775070439,21818,824.1,53.9,"[47.4, 14.3, 65.0, 5.0, 52.6, 5.0, 60.0, 5.0, 72.7, 75.0, 76.2, 75.0, 75.0, 76.2, 76.2, 80.0]",274927616,2983899136,4510990336,2982023168,62.1,"[67.0, 68.0, 53.0]"
2026-09-23T13:34:36.932658+00:00,7181976282262,21818,834.9,54.4,"[55.0, 5.3, 60.0, 5.3, 63.6, 5.3, 57.9, 5.3, 73.7, 75.0, 73.7, 73.7, 76.2, 78.9, 78.9, 76.2]",274927616,2983899136,4510990336,2982023168,62.1,"[66.0, 68.0, 53.0]"
2026-09-23T13:34:37.134741+00:00,7182178384067,21818,826.2,54.9,"[54.5, 5.0, 50.0, 5.0, 65.0, 5.0, 57.1, 4.8, 72.7, 76.2, 81.0, 77.3, 78.9, 85.0, 76.2, 78.9]",274927616,2983899136,4510990336,2982023168,62.1,"[66.0, 68.0, 53.0]"
2026-09-23T13:34:37.336319+00:00,7182379937768,21818,818.8,54.0,"[57.9, 0.0, 55.0, 5.3, 50.0, 5.0, 73.7, 0.0, 75.0, 76.2, 76.2, 75.0, 72.7, 77.3, 71.4, 81.0]",274927616,2983899136,4510990336,2982023168,62.1,"[67.0, 68.0, 53.0]"
2026-09-23T13:34:37.537782+00:00,7182581401488,21818,833.9,54.5,"[61.9, 9.5, 75.0, 10.0, 50.0, 5.0, 47.6, 5.0, 71.4, 76.2, 75.0, 70.0, 80.0, 68.4, 80.0, 75.0]",274927616,2983899136,4510990336,2982023168,62.1,"[66.0, 68.0, 53.0]"
2026-09-23T13:34:37.739160+00:00,7182782783249,21818,839.2,54.5,"[47.4, 10.0, 52.4, 9.5, 89.5, 10.0, 50.0, 5.0, 75.0, 77.8, 76.2, 80.0, 75.0, 81.0, 75.0, 80.0]",274927616,2983899136,4510990336,2982023168,62.1,"[70.0, 68.0, 53.0]"
2026-09-23T13:34:37.940540+00:00,7182984158553,21818,839.2,55.7,"[52.4, 10.5, 50.0, 0.0, 54.5, 5.0, 72.7, 5.0, 76.2, 80.0, 80.0, 75.0, 75.0, 80.0, 76.2, 76.2]",274927616,2983899136,4511019008,2981994496,62.1,"[70.0, 68.0, 53.0]"
2026-09-23T13:34:38.141753+00:00,7183185373093,21818,810.1,52.4,"[52.6, 5.3, 60.0, 5.0, 55.6, 5.0, 55.0, 5.0, 75.0, 71.4, 75.0, 75.0, 76.2, 71.4, 73.7, 73.7]",274927616,2983899136,4511019008,2981994496,62.1,"[72.0, 68.0, 54.0]"
2026-09-23T13:34:38.343140+00:00,7183386763868,21818,819.3,53.6,"[55.0, 14.3, 52.6, 5.0, 52.4, 5.0, 60.0, 5.0, 72.7, 75.0, 75.0, 81.0, 80.0, 80.0, 76.2, 76.2]",274927616,2983899136,4511019008,2981994496,62.1,"[68.0, 70.0, 54.0]"
2026-09-23T13:34:38.545314+00:00,7183588931840,21818,841.0,54.9,"[52.6, 10.0, 68.4, 5.0, 52.6, 10.0, 60.0, 5.0, 75.0, 75.0, 80.0, 80.0, 73.7, 75.0, 78.9, 78.9]",274927616,2983899136,4511019008,2981994496,62.1,"[72.0, 70.0, 54.0]"
2026-09-23T13:34:38.747407+00:00,7183791027382,21818,559.1,37.5,"[30.0, 15.0, 45.0, 5.0, 30.0, 5.0, 35.0, 10.5, 47.4, 50.0, 55.0, 50.0, 52.4, 52.6, 52.4, 55.0]",274927616,2983899136,4511019008,2981994496,62.1,"[64.0, 70.0, 54.0]"
2026-09-23T13:34:38.949037+00:00,7183992657162,21818,838.2,54.8,"[60.0, 0.0, 55.0, 0.0, 55.0, 9.5, 63.2, 5.3, 72.7, 85.0, 75.0, 78.9, 78.9, 80.0, 80.0, 75.0]",274927616,2983899136,4511019008,2981994496,62.1,"[70.0, 70.0, 54.0]"
2026-09-23T13:34:39.150370+00:00,7184193987642,21818,844.4,55.6,"[52.4, 10.0, 52.4, 5.3, 59.1, 9.5, 71.4, 9.5, 80.0, 76.2, 77.3, 76.2, 76.2, 75.0, 76.2, 80.0]",274927616,2983899136,4511014912,2981994496,62.1,"[72.0, 70.0, 54.0]"
2026-09-23T13:34:39.352112+00:00,7184395742929,21818,530.3,35.0,"[27.8, 10.0, 38.9, 5.0, 31.6, 5.3, 52.6, 10.0, 47.4, 50.0, 47.4, 47.4, 47.4, 50.0, 44.4, 47.4]",274927616,2983899136,4511010816,2981994496,62.1,"[61.0, 70.0, 54.0]"
2026-09-23T13:34:39.554214+00:00,7184597830828,21818,836.4,55.8,"[57.1, 10.0, 57.9, 5.0, 55.0, 10.0, 50.0, 10.0, 71.4, 80.0, 75.0, 76.2, 85.0, 80.0, 81.0, 80.0]",274927616,2983899136,4511010816,2981994496,62.1,"[71.0, 70.0, 54.0]"
2026-09-23T13:34:39.755489+00:00,7184799114876,21818,864.4,55.9,"[72.2, 5.0, 55.0, 5.0, 47.4, 5.0, 60.0, 9.5, 78.9, 81.0, 75.0, 76.2, 75.0, 80.0, 80.0, 80.0]",274927616,2983899136,4511010816,2981994496,62.1,"[72.0, 70.0, 54.0]"
2026-09-23T13:34:39.956911+00:00,7185000530652,21818,556.1,38.3,"[42.9, 9.5, 55.0, 5.0, 35.0, 10.0, 30.0, 10.5, 54.5, 52.6, 55.0, 50.0, 52.4, 52.4, 55.0, 55.0]",274927616,2983899136,4510490624,2982514688,62.1,"[70.0, 70.0, 54.0]"
2026-09-23T13:34:40.158652+00:00,7185202281264,21818,545.2,37.8,"[38.1, 10.0, 33.3, 0.0, 47.6, 9.5, 45.0, 10.0, 45.0, 52.4, 50.0, 50.0, 50.0, 52.6, 50.0, 50.0]",274927616,2983899136,4510490624,2982514688,62.1,"[61.0, 70.0, 54.0]"
2026-09-23T13:34:40.361507+00:00,7185405124796,21818,862.8,57.2,"[63.2, 15.0, 65.0, 4.8, 57.1, 5.3, 52.4, 5.0, 77.3, 81.0, 81.0, 76.2, 81.0, 81.0, 81.0, 81.0]",274927616,2983899136,4510490624,2982514688,62.1,"[70.0, 70.0, 54.0]"
2026-09-23T13:34:40.562612+00:00,7185606231320,21818,850.3,55.3,"[65.0, 10.5, 61.9, 0.0, 57.9, 5.0, 50.0, 9.5, 78.9, 75.0, 80.0, 80.0, 77.8, 80.0, 75.0, 78.9]",274927616,2983899136,4510490624,2982514688,62.1,"[73.0, 67.0, 54.0]"
2026-09-23T13:34:40.764466+00:00,7185808097572,21818,549.8,36.8,"[57.1, 5.0, 36.8, 10.0, 35.0, 10.0, 31.6, 0.0, 45.0, 50.0, 50.0, 50.0, 50.0, 45.0, 50.0, 50.0]",274927616,2983899136,4510490624,2982514688,62.1,"[57.0, 67.0, 54.0]"
2026-09-23T13:34:40.967639+00:00,7186011271493,21818,418.3,30.8,"[42.1, 14.3, 28.6, 10.0, 38.1, 9.5, 28.6, 5.0, 38.1, 40.0, 38.1, 38.1, 40.0, 42.9, 40.0, 42.9]",274927616,2983899136,4510490624,2982514688,62.1,"[56.0, 67.0, 54.0]"
2026-09-23T13:34:41.170247+00:00,7186213882361,21818,473.8,32.5,"[35.0, 15.0, 30.0, 9.5, 45.0, 9.5, 30.0, 4.8, 42.9, 42.9, 45.0, 42.1, 45.0, 45.0, 45.0, 47.4]",274927616,2983899136,4510490624,2982514688,62.1,"[59.0, 67.0, 54.0]"
2026-09-23T13:34:41.372682+00:00,7186416299143,21818,578.1,39.6,"[42.1, 15.0, 30.0, 10.0, 31.6, 5.3, 50.0, 5.0, 55.0, 60.0, 52.4, 54.5, 55.0, 50.0, 55.0, 57.1]",274927616,2983899136,4510490624,2982514688,62.1,"[60.0, 67.0, 54.0]"
2026-09-23T13:34:41.574666+00:00,7186618288364,21818,683.2,44.9,"[45.0, 5.3, 42.9, 9.5, 70.0, 0.0, 40.0, 10.0, 60.0, 63.2, 63.2, 57.9, 60.0, 65.0, 66.7, 63.2]",274927616,2983899136,4510490624,2982514688,62.1,"[59.0, 67.0, 54.0]"
2026-09-23T13:34:41.776859+00:00,7186820495073,21818,272.0,22.6,"[28.6, 10.5, 25.0, 0.0, 28.6, 5.0, 19.0, 18.2, 28.6, 28.6, 27.3, 28.6, 31.8, 28.6, 25.0, 25.0]",274927616,2983899136,4510490624,2982514688,62.1,"[57.0, 67.0, 54.0]"
2026-09-23T13:34:41.979397+00:00,7187023017499,21818,854.3,55.9,"[70.0, 13.6, 65.0, 5.0, 47.6, 14.3, 50.0, 10.0, 75.0, 75.0, 80.0, 80.0, 84.2, 78.9, 76.2, 80.0]",274927616,2983899136,4510490624,2982514688,62.1,"[69.0, 67.0, 54.0]"
2026-09-23T13:34:42.180527+00:00,7187224147155,21818,845.2,55.0,"[85.0, 5.3, 45.0, 5.3, 50.0, 5.0, 50.0, 10.0, 76.2, 81.0, 75.0, 75.0, 75.0, 75.0, 78.9, 84.2]",274927616,2983899136,4510490624,2982514688,62.1,"[70.0, 67.0, 54.0]"
2026-09-23T13:34:42.381952+00:00,7187425570372,21818,853.9,56.7,"[60.0, 5.0, 55.0, 5.0, 84.2, 10.0, 59.1, 5.3, 75.0, 75.0, 80.0, 76.2, 80.0, 80.0, 76.2, 77.3]",274927616,2983899136,4510490624,2982514688,62.1,"[68.0, 67.0, 54.0]"
2026-09-23T13:34:42.583359+00:00,7187626976837,21818,824.2,54.6,"[61.9, 10.0, 50.0, 5.0, 66.7, 5.3, 66.7, 9.5, 68.2, 72.7, 71.4, 75.0, 76.2, 76.2, 76.2, 75.0]",274927616,2983899136,4510490624,2982514688,62.1,"[66.0, 67.0, 55.0]"
2026-09-23T13:34:42.784690+00:00,7187828310431,21818,829.5,54.6,"[81.0, 5.0, 50.0, 5.0, 73.7, 5.0, 50.0, 10.0, 70.0, 75.0, 75.0, 75.0, 75.0, 76.2, 75.0, 76.2]",274927616,2983899136,4510490624,2982514688,62.1,"[69.0, 67.0, 55.0]"
2026-09-23T13:34:42.985999+00:00,7188029617691,21818,680.6,46.1,"[36.8, 10.0, 40.0, 9.5, 68.4, 9.5, 50.0, 10.0, 61.9, 61.9, 59.1, 61.9, 61.9, 65.0, 65.0, 63.2]",274927616,2983899136,4510490624,2982514688,62.1,"[69.0, 68.0, 55.0]"
2026-09-23T13:34:43.187385+00:00,7188231007168,21818,869.0,56.8,"[57.1, 10.0, 52.4, 5.3, 85.7, 10.0, 57.1, 5.0, 75.0, 80.0, 78.9, 75.0, 80.0, 75.0, 75.0, 81.0]",274927616,2983899136,4510490624,2982514688,62.1,"[72.0, 68.0, 55.0]"
2026-09-23T13:34:43.388542+00:00,7188432160222,21818,835.2,55.1,"[75.0, 5.3, 50.0, 5.0, 71.4, 5.0, 52.4, 5.3, 71.4, 75.0, 81.0, 73.7, 80.0, 75.0, 81.0, 78.9]",274927616,2983899136,4510490624,2982514688,62.1,"[70.0, 68.0, 55.0]"
2026-09-23T13:34:43.589986+00:00,7188633607625,21818,848.8,56.2,"[50.0, 5.3, 52.6, 9.5, 80.0, 0.0, 65.0, 4.8, 71.4, 75.0, 75.0, 76.2, 77.3, 81.0, 75.0, 76.2]",274927616,2983899136,4510490624,2982514688,62.1,"[73.0, 68.0, 55.0]"
2026-09-23T13:34:43.791331+00:00,7188834951612,21818,829.5,54.9,"[60.0, 10.0, 45.0, 5.3, 65.0, 13.6, 65.0, 5.0, 75.0, 76.2, 75.0, 76.2, 75.0, 76.2, 80.0, 76.2]",274927616,2983899136,4510490624,2982514688,62.1,"[70.0, 68.0, 55.0]"
2026-09-23T13:34:43.993095+00:00,7189036727980,21818,639.3,42.9,"[45.0, 10.0, 61.9, 4.8, 47.6, 5.3, 42.9, 5.3, 54.5, 59.1, 57.1, 57.1, 61.9, 63.2, 57.1, 60.0]",274927616,2983899136,4510490624,2982522880,62.1,"[60.0, 68.0, 55.0]"
2026-09-23T13:34:44.195932+00:00,7189239553162,21818,626.2,42.8,"[40.0, 10.0, 31.6, 0.0, 70.0, 9.5, 36.8, 19.0, 55.0, 57.9, 57.1, 57.9, 60.0, 55.0, 57.9, 60.0]",274927616,2983899136,4509908992,2983104512,62.1,"[68.0, 68.0, 55.0]"
2026-09-23T13:34:44.397252+00:00,7189440872426,21818,834.5,55.7,"[65.0, 5.0, 60.0, 10.0, 65.0, 5.0, 50.0, 14.3, 75.0, 77.3, 76.2, 76.2, 78.9, 76.2, 71.4, 80.0]",274927616,2983899136,4509908992,2983104512,62.1,"[72.0, 68.0, 55.0]"
2026-09-23T13:34:44.598909+00:00,7189642530222,21818,396.7,28.6,"[25.0, 5.3, 31.6, 5.0, 35.0, 5.0, 28.6, 15.0, 38.1, 36.8, 36.8, 40.0, 38.1, 36.8, 42.9, 40.0]",274927616,2983899136,4509908992,2983104512,62.1,"[60.0, 68.0, 55.0]"
2026-09-23T13:34:44.800194+00:00,7189843814059,21818,859.5,55.8,"[55.0, 5.3, 57.1, 5.3, 90.0, 5.3, 47.4, 14.3, 73.7, 75.0, 76.2, 78.9, 78.9, 81.0, 78.9, 78.9]",274927616,2983899136,4508205056,2984808448,62.1,"[72.0, 68.0, 55.0]"
2026-09-23T13:34:45.001656+00:00,7190045278060,21818,560.9,39.6,"[35.0, 14.3, 47.6, 14.3, 42.9, 9.5, 38.1, 5.3, 52.4, 52.6, 50.0, 55.0, 52.4, 50.0, 52.4, 57.1]",274927616,2983899136,4507914240,2985099264,62.1,"[61.0, 68.0, 55.0]"
2026-09-23T13:34:45.203413+00:00,7190247043085,21818,827.7,55.2,"[55.0, 5.3, 50.0, 10.0, 65.0, 10.0, 52.4, 5.0, 75.0, 76.2, 80.0, 81.8, 76.2, 81.0, 75.0, 75.0]",274927616,2983899136,4507914240,2985099264,62.1,"[72.0, 67.0, 55.0]"
2026-09-23T13:34:45.404697+00:00,7190448314671,21818,839.7,55.1,"[60.0, 13.6, 60.0, 5.3, 70.0, 5.0, 52.6, 5.0, 72.7, 76.2, 76.2, 78.9, 78.9, 75.0, 80.0, 78.9]",274927616,2983899136,4507914240,2985099264,62.1,"[73.0, 67.0, 55.0]"
2026-09-23T13:34:45.605890+00:00,7190649508781,21818,810.1,53.3,"[52.4, 10.5, 55.0, 5.0, 63.2, 5.0, 57.1, 9.5, 75.0, 76.2, 73.7, 75.0, 76.2, 73.7, 70.0, 75.0]",274927616,2983899136,4507914240,2985099264,62.1,"[72.0, 67.0, 55.0]"
2026-09-23T13:34:45.807093+00:00,7190850710520,21818,825.1,54.1,"[60.0, 14.3, 52.4, 5.3, 60.0, 4.8, 65.0, 5.3, 71.4, 73.7, 75.0, 75.0, 73.7, 76.2, 78.9, 75.0]",274927616,2983899136,4507688960,2985324544,62.1,"[72.0, 67.0, 55.0]"
2026-09-23T13:34:46.008336+00:00,7191051956921,21818,556.5,37.9,"[35.0, 15.0, 33.3, 9.5, 55.0, 5.3, 35.0, 14.3, 52.4, 50.0, 50.0, 50.0, 52.4, 52.6, 52.4, 52.6]",274927616,2983899136,4507688960,2985324544,62.1,"[68.0, 67.0, 55.0]"
2026-09-23T13:34:46.209622+00:00,7191253238551,21818,844.6,55.9,"[55.0, 0.0, 57.1, 5.0, 60.0, 10.0, 75.0, 10.0, 75.0, 75.0, 76.2, 81.0, 78.9, 75.0, 75.0, 76.2]",274927616,2983899136,4507688960,2985324544,62.1,"[73.0, 67.0, 55.0]"
2026-09-23T13:34:46.411090+00:00,7191454709702,21818,809.0,53.3,"[65.0, 10.0, 52.6, 10.0, 52.6, 5.0, 50.0, 10.0, 70.0, 75.0, 75.0, 73.7, 76.2, 76.2, 75.0, 80.0]",274927616,2983899136,4507688960,2985324544,62.1,"[73.0, 67.0, 55.0]"
2026-09-23T13:34:46.612500+00:00,7191656119743,21818,819.2,53.6,"[75.0, 10.0, 52.4, 10.0, 55.0, 5.0, 61.9, 0.0, 75.0, 71.4, 72.2, 75.0, 70.0, 73.7, 75.0, 76.2]",274927616,2983899136,4508594176,2984419328,62.1,"[72.0, 67.0, 55.0]"
2026-09-23T13:34:46.814436+00:00,7191858053222,21818,559.6,37.5,"[36.8, 10.0, 42.1, 10.5, 40.0, 10.0, 31.6, 5.0, 50.0, 52.6, 54.5, 50.0, 52.6, 50.0, 47.4, 50.0]",274927616,2983899136,4509753344,2983260160,62.1,"[61.0, 67.0, 55.0]"
2026-09-23T13:34:47.015791+00:00,7192059412303,21818,824.4,55.2,"[65.0, 9.5, 55.0, 9.5, 50.0, 10.0, 61.9, 9.5, 76.2, 76.2, 73.7, 80.0, 75.0, 76.2, 76.2, 80.0]",274927616,2983899136,4509753344,2983260160,62.1,"[72.0, 67.0, 55.0]"
2026-09-23T13:34:47.217361+00:00,7192260990291,21818,699.3,45.8,"[42.1, 0.0, 40.0, 5.3, 45.0, 9.5, 68.4, 5.0, 63.2, 60.0, 66.7, 61.9, 65.0, 65.0, 65.0, 65.0]",274927616,2983899136,4509753344,2983260160,62.1,"[59.0, 67.0, 55.0]"
2026-09-23T13:34:47.420063+00:00,7192463694462,21818,0.0,4.7,"[5.0, 5.0, 14.3, 5.0, 10.0, 5.0, 10.5, 0.0, 4.8, 5.0, 5.0, 0.0, 4.8, 0.0, 0.0, 0.0]",274927616,2983899136,4509753344,2983260160,62.1,"[55.0, 69.0, 55.0]"
2026-09-23T13:34:47.622604+00:00,7192666221820,21818,567.9,39.2,"[35.0, 9.5, 40.0, 9.5, 45.0, 5.0, 61.9, 4.8, 50.0, 50.0, 52.6, 52.4, 55.0, 52.4, 55.0, 55.0]",274927616,2983899136,4509753344,2983260160,62.1,"[69.0, 69.0, 55.0]"
2026-09-23T13:34:47.823804+00:00,7192867427909,21818,839.9,55.1,"[55.0, 9.5, 57.9, 5.0, 80.0, 9.5, 52.6, 10.0, 75.0, 81.0, 76.2, 75.0, 75.0, 75.0, 75.0, 78.9]",274927616,2983899136,4509753344,2983260160,62.1,"[65.0, 69.0, 55.0]"
2026-09-23T13:34:48.026135+00:00,7193069760370,21818,810.5,53.0,"[50.0, 10.0, 55.0, 9.5, 52.4, 10.0, 75.0, 5.0, 76.2, 73.7, 73.7, 73.7, 71.4, 75.0, 75.0, 71.4]",274927616,2983899136,4509753344,2983260160,62.1,"[66.0, 69.0, 55.0]"
2026-09-23T13:34:48.227593+00:00,7193271212008,21818,670.2,45.1,"[42.9, 5.0, 40.0, 5.3, 40.0, 10.0, 73.7, 9.5, 61.9, 57.1, 61.9, 60.0, 60.0, 57.9, 61.9, 65.0]",274927616,2983899136,4509753344,2983260160,62.1,"[60.0, 69.0, 55.0]"
2026-09-23T13:34:48.429024+00:00,7193472641753,21818,650.4,44.0,"[36.8, 5.3, 47.6, 10.0, 50.0, 10.0, 35.0, 10.5, 63.2, 60.0, 60.0, 61.9, 63.2, 61.9, 60.0, 70.0]",274927616,2983899136,4509753344,2983260160,62.1,"[64.0, 69.0, 55.0]"
2026-09-23T13:34:48.630588+00:00,7193674215844,21818,644.9,42.3,"[40.0, 9.5, 50.0, 10.0, 60.0, 0.0, 40.0, 10.0, 55.0, 57.9, 55.0, 57.9, 57.1, 55.6, 60.0, 55.6]",274927616,2983899136,4509753344,2983260160,62.1,"[57.0, 69.0, 55.0]"
2026-09-23T13:34:48.833477+00:00,7193877111741,21818,0.0,3.7,"[0.0, 5.3, 0.0, 10.0, 15.0, 4.8, 0.0, 15.0, 4.8, 4.8, 0.0, 0.0, 0.0, 0.0, 0.0, 0.0]",274927616,2983899136,4509753344,2983260160,62.1,"[55.0, 69.0, 55.0]"
2026-09-23T13:34:49.036499+00:00,7194080119844,21818,591.2,41.0,"[26.3, 10.0, 40.0, 10.5, 57.1, 14.3, 35.0, 10.0, 55.0, 52.4, 55.0, 60.0, 55.0, 55.0, 55.0, 61.9]",274927616,2983899136,4509753344,2983260160,62.1,"[65.0, 69.0, 55.0]"
2026-09-23T13:34:49.237915+00:00,7194281535124,21818,829.2,54.5,"[80.0, 14.3, 60.0, 0.0, 50.0, 10.0, 50.0, 5.3, 76.2, 75.0, 73.7, 71.4, 80.0, 80.0, 76.2, 75.0]",274927616,2983899136,4509753344,2983260160,62.1,"[66.0, 69.0, 55.0]"
2026-09-23T13:34:49.439480+00:00,7194483101214,21818,724.3,47.5,"[50.0, 5.3, 55.0, 5.0, 42.1, 4.8, 36.8, 10.0, 63.2, 66.7, 70.0, 73.7, 65.0, 71.4, 63.2, 68.4]",274927616,2983899136,4509753344,2983260160,62.1,"[70.0, 69.0, 55.0]"
2026-09-23T13:34:49.640835+00:00,7194684456006,21818,675.4,44.8,"[40.0, 10.0, 60.0, 9.5, 40.0, 5.3, 36.8, 9.5, 63.2, 65.0, 65.0, 63.2, 65.0, 61.1, 65.0, 61.1]",274927616,2983899136,4509163520,2983849984,62.1,"[70.0, 60.0, 55.0]"
2026-09-23T13:34:49.842264+00:00,7194885889744,21818,853.9,55.3,"[55.0, 10.0, 68.4, 0.0, 57.1, 4.8, 63.6, 5.3, 70.0, 75.0, 80.0, 81.0, 78.9, 80.0, 78.9, 77.3]",274927616,2983899136,4509347840,2983661568,62.1,"[70.0, 60.0, 55.0]"
2026-09-23T13:34:50.043870+00:00,7195087509782,21818,843.0,56.0,"[57.1, 5.3, 81.0, 5.0, 50.0, 5.3, 57.1, 14.3, 80.0, 76.2, 75.0, 75.0, 76.2, 76.2, 75.0, 78.9]",274927616,2983899136,4509347840,2983661568,62.1,"[65.0, 60.0, 55.0]"
2026-09-23T13:34:50.245572+00:00,7195289198162,21818,609.9,42.2,"[42.9, 9.5, 47.6, 10.0, 45.0, 10.0, 36.8, 10.0, 54.5, 60.0, 57.1, 61.9, 57.1, 55.0, 57.1, 60.0]",274927616,2983899136,4509347840,2983661568,62.1,"[61.0, 60.0, 55.0]"
2026-09-23T13:34:50.447743+00:00,7195491384971,21818,598.3,39.5,"[35.0, 9.5, 50.0, 10.0, 40.0, 5.0, 38.1, 5.0, 52.6, 55.0, 55.0, 55.0, 55.0, 55.0, 55.0, 55.0]",274927616,2983899136,4509347840,2983661568,62.1,"[57.0, 60.0, 55.0]"
2026-09-23T13:34:50.651193+00:00,7195694820405,21818,0.0,4.3,"[5.0, 0.0, 0.0, 15.8, 15.8, 5.0, 0.0, 9.5, 4.8, 5.0, 0.0, 0.0, 0.0, 0.0, 0.0, 0.0]",274927616,2983899136,4509347840,2983661568,62.1,"[55.0, 60.0, 55.0]"
2026-09-23T13:34:50.853830+00:00,7195897455631,21818,0.0,4.0,"[10.5, 5.0, 0.0, 15.0, 19.0, 5.0, 4.8, 5.0, 0.0, 0.0, 0.0, 0.0, 0.0, 0.0, 0.0, 0.0]",274927616,2983899136,4509347840,2983661568,62.1,"[54.0, 60.0, 55.0]"
2026-09-23T13:34:51.056227+00:00,7196099858443,21818,4.9,4.0,"[10.0, 0.0, 5.0, 10.0, 10.5, 9.5, 0.0, 15.0, 0.0, 0.0, 0.0, 0.0, 0.0, 0.0, 0.0, 0.0]",274927616,2983899136,4509347840,2983661568,62.1,"[54.0, 60.0, 55.0]"
2026-09-23T13:34:51.259104+00:00,7196302730102,21818,0.0,4.0,"[10.0, 4.8, 15.0, 4.8, 0.0, 5.0, 4.8, 20.0, 0.0, 0.0, 0.0, 0.0, 0.0, 0.0, 0.0, 0.0]",274927616,2983899136,4509347840,2983661568,62.1,"[53.0, 60.0, 55.0]"
2026-09-23T13:34:51.461555+00:00,7196505182370,21818,256.9,21.6,"[23.8, 5.3, 45.0, 0.0, 19.0, 9.5, 15.0, 15.8, 25.0, 28.6, 25.0, 28.6, 28.6, 25.0, 25.0, 30.0]",274927616,2983899136,4509347840,2983661568,62.1,"[61.0, 60.0, 55.0]"
2026-09-23T13:34:51.662886+00:00,7196706504509,21818,884.2,57.5,"[55.0, 10.0, 80.0, 5.0, 55.0, 5.3, 68.4, 9.5, 81.0, 77.3, 76.2, 76.2, 78.9, 81.0, 75.0, 80.0]",274927616,2983899136,4509347840,2983661568,62.1,"[70.0, 60.0, 55.0]"
2026-09-23T13:34:51.864539+00:00,7196908167351,21818,575.2,38.4,"[40.0, 10.0, 45.0, 5.0, 40.0, 9.5, 45.0, 5.0, 47.6, 52.6, 55.0, 52.6, 50.0, 55.0, 55.0, 50.0]",274927616,2983899136,4509347840,2983661568,62.1,"[55.0, 56.0, 55.0]"
2026-09-23T13:34:52.067145+00:00,7197110762685,21818,424.5,30.9,"[31.6, 10.0, 42.1, 5.0, 31.6, 9.1, 33.3, 5.0, 40.0, 40.0, 38.1, 38.1, 42.9, 40.0, 42.9, 45.0]",274927616,2983899136,4509347840,2983661568,62.1,"[61.0, 56.0, 55.0]"
2026-09-23T13:34:52.268459+00:00,7197312079538,21818,854.4,56.7,"[57.1, 10.0, 95.2, 5.0, 47.6, 5.3, 52.4, 10.0, 77.3, 76.2, 75.0, 75.0, 78.9, 75.0, 75.0, 81.0]",274927616,2983899136,4509347840,2983661568,62.1,"[68.0, 56.0, 55.0]"
2026-09-23T13:34:52.469966+00:00,7197513594617,21818,352.3,25.7,"[23.8, 5.0, 40.0, 5.0, 30.0, 15.0, 25.0, 9.5, 31.6, 30.0, 33.3, 36.4, 33.3, 33.3, 35.0, 31.6]",274927616,2983899136,4509347840,2983665664,62.1,"[54.0, 56.0, 55.0]"
2026-09-23T13:34:52.672144+00:00,7197715763139,21818,836.0,54.1,"[52.6, 5.3, 50.0, 9.5, 70.0, 5.0, 47.4, 10.0, 75.0, 76.2, 78.9, 80.0, 78.9, 80.0, 75.0, 85.0]",274927616,2983899136,4509347840,2983665664,62.1,"[68.0, 56.0, 55.0]"
2026-09-23T13:34:52.873602+00:00,7197917222910,21818,694.9,45.5,"[45.0, 5.0, 52.6, 5.0, 47.4, 9.5, 47.6, 5.0, 60.0, 65.0, 66.7, 63.2, 60.0, 63.2, 63.2, 65.0]",274927616,2983899136,4509347840,2983665664,62.1,"[57.0, 56.0, 55.0]"
2026-09-23T13:34:53.075373+00:00,7198118989495,21818,386.6,27.6,"[21.1, 5.0, 27.8, 5.3, 47.6, 0.0, 25.0, 5.0, 38.1, 40.0, 35.0, 35.0, 35.0, 35.0, 35.0, 31.6]",274927616,2983899136,4509347840,2983665664,62.1,"[57.0, 56.0, 55.0]"
2026-09-23T13:34:53.276536+00:00,7198320157049,21818,591.5,41.1,"[35.0, 14.3, 52.4, 5.0, 50.0, 0.0, 40.0, 14.3, 57.1, 57.1, 55.0, 60.0, 57.1, 57.1, 57.1, 55.0]",274927616,2983899136,4509347840,2983665664,62.1,"[63.0, 56.0, 55.0]"
2026-09-23T13:34:53.478018+00:00,7198521638237,21818,833.8,54.3,"[52.6, 5.3, 52.6, 14.3, 60.0, 9.5, 47.4, 10.0, 73.7, 73.7, 78.9, 78.9, 78.9, 75.0, 78.9, 80.0]",274927616,2983899136,4509347840,2983665664,62.1,"[69.0, 56.0, 55.0]"
2026-09-23T13:34:53.679571+00:00,7198723190084,21818,873.2,58.4,"[59.1, 10.0, 76.2, 5.0, 61.9, 5.3, 56.5, 5.0, 77.3, 80.0, 81.8, 81.0, 81.0, 81.0, 77.3, 81.0]",274927616,2983899136,4509347840,2983665664,62.1,"[69.0, 56.0, 55.0]"
2026-09-23T13:34:53.880795+00:00,7198924415600,21818,854.8,55.7,"[70.0, 10.0, 55.0, 5.0, 50.0, 10.0, 52.6, 9.5, 80.0, 75.0, 80.0, 80.0, 78.9, 84.2, 80.0, 85.0]",274927616,2983899136,4509089792,2983923712,62.1,"[68.0, 56.0, 55.0]"
2026-09-23T13:34:54.082049+00:00,7199125669058,21818,839.7,55.1,"[57.1, 10.0, 60.0, 5.0, 55.0, 10.0, 60.0, 5.0, 70.0, 75.0, 73.7, 76.2, 80.0, 85.0, 75.0, 80.0]",274927616,2983899136,4509089792,2983923712,62.1,"[66.0, 65.0, 55.0]"
2026-09-23T13:34:54.283389+00:00,7199327019414,21818,844.3,56.6,"[55.0, 10.0, 80.0, 5.0, 61.9, 9.5, 52.4, 5.0, 80.0, 77.3, 77.3, 75.0, 76.2, 77.3, 80.0, 80.0]",274927616,2983899136,4509089792,2983923712,62.1,"[72.0, 65.0, 55.0]"
2026-09-23T13:34:54.484625+00:00,7199528251809,21818,551.6,38.5,"[38.1, 15.0, 60.0, 10.0, 31.6, 5.0, 33.3, 18.2, 50.0, 50.0, 52.6, 52.4, 52.4, 50.0, 52.4, 50.0]",274927616,2983899136,4509089792,2983923712,62.1,"[68.0, 65.0, 55.0]"
2026-09-23T13:34:54.685908+00:00,7199729527138,21818,824.7,55.0,"[50.0, 5.0, 61.9, 15.0, 55.0, 10.0, 61.9, 10.0, 75.0, 80.0, 76.2, 75.0, 75.0, 75.0, 76.2, 80.0]",274927616,2983899136,4509089792,2983923712,62.1,"[69.0, 65.0, 55.0]"
2026-09-23T13:34:54.887503+00:00,7199931120892,21818,828.5,54.9,"[57.9, 15.0, 47.4, 5.0, 55.0, 0.0, 68.4, 15.0, 73.7, 75.0, 75.0, 75.0, 80.0, 77.8, 80.0, 75.0]",274927616,2983899136,4509347840,2983665664,62.1,"[69.0, 65.0, 55.0]"
2026-09-23T13:34:55.088913+00:00,7200132542182,21818,640.4,43.3,"[52.4, 10.0, 42.9, 5.0, 55.0, 9.5, 35.0, 10.0, 57.1, 57.1, 57.1, 61.9, 57.9, 59.1, 55.0, 61.9]",274927616,2983899136,4509347840,2983665664,62.1,"[57.0, 65.0, 55.0]"
2026-09-23T13:34:55.291414+00:00,7200335035895,21818,632.2,43.9,"[45.0, 10.5, 45.0, 14.3, 52.4, 14.3, 38.1, 9.5, 57.1, 60.0, 60.0, 57.9, 61.9, 60.0, 61.9, 60.0]",274927616,2983899136,4509347840,2983665664,62.1,"[65.0, 65.0, 55.0]"
2026-09-23T13:34:55.492637+00:00,7200536257515,21818,844.9,55.0,"[65.0, 10.0, 50.0, 5.0, 65.0, 5.0, 55.0, 5.0, 76.2, 75.0, 75.0, 75.0, 73.7, 80.0, 75.0, 85.0]",274927616,2983899136,4509347840,2983665664,62.1,"[69.0, 65.0, 55.0]"
2026-09-23T13:34:55.694261+00:00,7200737893610,21818,550.4,37.6,"[45.0, 10.0, 45.0, 5.3, 35.0, 5.0, 30.0, 5.3, 55.0, 52.4, 52.4, 50.0, 50.0, 50.0, 50.0, 50.0]",274927616,2983899136,4509347840,2983665664,62.1,"[67.0, 65.0, 55.0]"
2026-09-23T13:34:55.896016+00:00,7200939636072,21818,867.6,57.7,"[57.1, 5.0, 70.0, 10.0, 71.4, 19.0, 57.1, 4.8, 76.2, 80.0, 80.0, 81.8, 77.3, 80.0, 81.0, 84.2]",274927616,2983899136,4509347840,2983665664,62.1,"[69.0, 65.0, 55.0]"
2026-09-23T13:34:56.097397+00:00,7201141018401,21818,839.2,54.5,"[50.0, 10.0, 55.0, 9.5, 50.0, 5.0, 75.0, 5.3, 70.0, 75.0, 75.0, 77.8, 78.9, 77.3, 75.0, 76.2]",274927616,2983899136,4509347840,2983665664,62.1,"[68.0, 65.0, 55.0]"
2026-09-23T13:34:56.298795+00:00,7201342415395,21818,839.1,55.7,"[57.1, 4.8, 60.0, 10.0, 63.2, 0.0, 63.2, 4.8, 76.2, 80.0, 76.2, 77.3, 80.0, 78.9, 75.0, 85.0]",274927616,2983899136,4509347840,2983665664,62.1,"[69.0, 64.0, 55.0]"
2026-09-23T13:34:56.500167+00:00,7201543787892,21818,849.2,56.2,"[61.9, 5.0, 65.0, 15.0, 52.4, 10.0, 57.1, 10.0, 80.0, 77.3, 80.0, 81.0, 76.2, 76.2, 80.0, 80.0]",274927616,2983899136,4509347840,2983665664,62.1,"[72.0, 64.0, 55.0]"
2026-09-23T13:34:56.701835+00:00,7201745467334,21818,679.2,46.5,"[55.0, 5.3, 42.9, 10.0, 45.0, 4.8, 47.6, 5.0, 61.9, 61.9, 63.6, 65.0, 65.0, 75.0, 61.9, 65.0]",274927616,2983899136,4509347840,2983665664,62.1,"[60.0, 64.0, 55.0]"
2026-09-23T13:34:56.904588+00:00,7201948206129,21818,838.6,54.9,"[47.4, 10.0, 52.6, 10.0, 57.1, 5.0, 65.0, 5.0, 71.4, 80.0, 75.0, 85.0, 75.0, 76.2, 78.9, 80.0]",274927616,2983899136,4509347840,2983665664,62.1,"[70.0, 64.0, 55.0]"
2026-09-23T13:34:57.105977+00:00,7202149598713,21818,273.1,19.8,"[25.0, 10.0, 15.0, 15.8, 15.8, 5.0, 31.6, 0.0, 26.3, 21.1, 25.0, 25.0, 21.1, 21.1, 25.0, 25.0]",274927616,2983899136,4509347840,2983665664,62.1,"[57.0, 64.0, 55.0]"
2026-09-23T13:34:57.307996+00:00,7202351616880,21818,415.8,29.6,"[21.1, 10.0, 35.0, 14.3, 33.3, 9.5, 42.1, 0.0, 35.0, 40.0, 36.8, 35.0, 40.9, 38.1, 35.0, 40.0]",274927616,2983899136,4509347840,2983665664,62.1,"[59.0, 64.0, 55.0]"
2026-09-23T13:34:57.509699+00:00,7202553319719,21818,466.0,33.2,"[28.6, 10.5, 47.6, 14.3, 26.3, 20.0, 33.3, 9.5, 45.5, 40.0, 47.6, 47.6, 42.1, 45.0, 45.0, 47.6]",274927616,2983899136,4509347840,2983665664,62.1,"[59.0, 64.0, 55.0]"
2026-09-23T13:34:57.711276+00:00,7202754895757,21818,853.3,55.5,"[47.4, 14.3, 95.0, 10.0, 50.0, 0.0, 55.0, 5.0, 78.9, 80.0, 75.0, 73.7, 73.7, 75.0, 76.2, 77.8]",274927616,2983899136,4509347840,2983665664,62.1,"[69.0, 64.0, 55.0]"
2026-09-23T13:34:57.912567+00:00,7202956186750,21818,884.3,57.9,"[60.0, 14.3, 73.7, 5.0, 55.0, 5.0, 63.2, 5.3, 81.0, 77.3, 78.9, 80.0, 81.0, 84.2, 83.3, 80.0]",274927616,2983899136,4509347840,2983665664,62.1,"[70.0, 64.0, 55.0]"
2026-09-23T13:34:58.113879+00:00,7203157497212,21818,839.5,55.1,"[65.0, 0.0, 68.2, 9.5, 52.4, 5.0, 50.0, 9.5, 75.0, 84.2, 75.0, 75.0, 75.0, 81.0, 76.2, 80.0]",274927616,2983899136,4509347840,2983665664,62.1,"[68.0, 64.0, 55.0]"
2026-09-23T13:34:58.316033+00:00,7203359667883,21818,534.1,36.5,"[33.3, 10.0, 52.4, 9.5, 30.0, 9.5, 35.0, 10.0, 47.6, 50.0, 47.6, 47.6, 47.4, 50.0, 45.0, 55.0]",274927616,2983899136,4509347840,2983665664,62.1,"[57.0, 64.0, 55.0]"
2026-09-23T13:34:58.519272+00:00,7203562890461,21818,679.1,45.5,"[40.0, 10.0, 40.0, 14.3, 45.0, 5.0, 70.0, 5.0, 65.0, 65.0, 63.2, 65.0, 61.9, 61.9, 65.0, 61.9]",274927616,2983899136,4509347840,2983665664,62.1,"[65.0, 64.0, 55.0]"
2026-09-23T13:34:58.720820+00:00,7203764443368,21818,858.3,56.0,"[52.6, 5.0, 78.9, 10.0, 61.9, 5.3, 50.0, 10.0, 75.0, 75.0, 80.0, 75.0, 80.0, 78.9, 75.0, 80.0]",274927616,2983899136,4509347840,2983665664,62.1,"[69.0, 68.0, 55.0]"
2026-09-23T13:34:58.922210+00:00,7203965837771,21818,874.0,56.2,"[57.1, 14.3, 57.9, 5.3, 84.2, 5.0, 55.0, 5.0, 78.9, 81.0, 75.0, 78.9, 78.9, 75.0, 80.0, 80.0]",274927616,2983899136,4509347840,2983665664,62.1,"[72.0, 68.0, 55.0]"
2026-09-23T13:34:59.123551+00:00,7204167167865,21818,834.5,54.1,"[47.4, 5.0, 47.6, 5.0, 90.0, 0.0, 50.0, 14.3, 71.4, 73.7, 73.7, 73.7, 75.0, 73.7, 73.7, 77.8]",274927616,2983899136,4509347840,2983665664,62.1,"[65.0, 68.0, 55.0]"
2026-09-23T13:34:59.324864+00:00,7204368482092,21818,809.7,54.3,"[54.5, 10.0, 47.4, 5.0, 90.0, 5.0, 55.0, 9.5, 71.4, 76.2, 76.2, 75.0, 75.0, 76.2, 75.0, 77.3]",274927616,2983899136,4509347840,2983665664,62.1,"[66.0, 68.0, 55.0]"
2026-09-23T13:34:59.526190+00:00,7204569809243,21818,824.5,54.3,"[57.9, 10.0, 52.4, 9.5, 55.0, 9.5, 65.0, 5.0, 76.2, 75.0, 75.0, 76.2, 76.2, 80.0, 76.2, 75.0]",274927616,2983899136,4509347840,2983665664,62.1,"[67.0, 68.0, 56.0]"
2026-09-23T13:34:59.727783+00:00,7204771403768,21818,848.2,55.7,"[47.4, 10.0, 47.4, 0.0, 73.7, 5.0, 65.0, 14.3, 75.0, 76.2, 76.2, 76.2, 76.2, 76.2, 75.0, 81.0]",274927616,2983899136,4509347840,2983665664,62.1,"[70.0, 68.0, 56.0]"
2026-09-23T13:34:59.929148+00:00,7204972766988,21818,387.4,28.1,"[21.1, 10.5, 30.0, 14.3, 38.1, 0.0, 16.7, 10.5, 40.0, 36.8, 35.0, 35.0, 35.0, 30.0, 38.1, 40.0]",274927616,2983899136,4509347840,2983665664,62.1,"[61.0, 68.0, 56.0]"
2026-09-23T13:35:00.131599+00:00,7205175219967,21818,854.5,56.6,"[52.6, 9.5, 55.0, 5.0, 60.0, 9.5, 66.7, 10.0, 76.2, 85.0, 81.0, 80.0, 80.0, 85.0, 81.0, 80.0]",274927616,2983899136,4509343744,2983665664,62.1,"[67.0, 68.0, 55.0]"
2026-09-23T13:35:00.332927+00:00,7205376548574,21818,834.5,54.8,"[57.1, 5.3, 57.1, 5.0, 50.0, 9.5, 75.0, 14.3, 71.4, 75.0, 73.7, 75.0, 75.0, 75.0, 73.7, 80.0]",274927616,2983899136,4509343744,2983665664,62.1,"[69.0, 68.0, 55.0]"
2026-09-23T13:35:00.534375+00:00,7205577995722,21818,833.9,55.7,"[75.0, 13.6, 60.0, 10.0, 57.1, 5.0, 50.0, 10.5, 75.0, 77.3, 76.2, 76.2, 76.2, 78.9, 75.0, 77.3]",274927616,2983899136,4509343744,2983665664,62.1,"[69.0, 68.0, 56.0]"
2026-09-23T13:35:00.735737+00:00,7205779359475,21818,387.4,27.4,"[25.0, 5.3, 30.0, 14.3, 35.0, 0.0, 25.0, 14.3, 35.0, 36.8, 35.0, 42.9, 35.0, 35.0, 38.1, 33.3]",274927616,2983899136,4509343744,2983665664,62.1,"[66.0, 68.0, 56.0]"
2026-09-23T13:35:00.937101+00:00,7205980722216,21818,869.1,57.3,"[55.0, 5.0, 50.0, 10.0, 78.9, 5.0, 66.7, 9.5, 76.2, 80.0, 81.0, 76.2, 80.0, 81.0, 80.0, 81.0]",274927616,2983899136,4509601792,2983407616,62.1,"[71.0, 68.0, 56.0]"
2026-09-23T13:35:01.138822+00:00,7206182451410,21818,604.7,40.8,"[40.0, 10.0, 42.9, 5.0, 42.9, 5.0, 52.4, 10.0, 55.0, 57.1, 50.0, 52.6, 57.9, 55.0, 52.6, 57.1]",274927616,2983899136,4509601792,2983407616,62.1,"[59.0, 68.0, 56.0]"
2026-09-23T13:35:01.341161+00:00,7206384793474,21818,558.5,38.2,"[35.0, 10.0, 35.0, 5.0, 35.0, 10.0, 31.6, 5.3, 50.0, 50.0, 52.6, 55.0, 52.4, 55.0, 59.1, 63.2]",274927616,2983899136,4509601792,2983407616,62.1,"[67.0, 68.0, 56.0]"
2026-09-23T13:35:01.542461+00:00,7206586080274,21818,784.9,51.1,"[84.2, 5.0, 50.0, 10.0, 45.0, 9.5, 50.0, 0.0, 71.4, 75.0, 71.4, 68.4, 70.0, 70.0, 73.7, 75.0]",274927616,2983899136,4509859840,2983149568,62.1,"[71.0, 68.0, 56.0]"
2026-09-23T13:35:01.743889+00:00,7206787509594,21818,804.3,53.4,"[61.9, 5.3, 52.4, 9.5, 63.2, 9.5, 61.9, 9.5, 68.4, 70.0, 71.4, 71.4, 73.7, 73.7, 70.0, 80.0]",274927616,2983899136,4509859840,2983149568,62.1,"[70.0, 68.0, 56.0]"
2026-09-23T13:35:01.945306+00:00,7206988928071,21818,551.1,38.0,"[55.0, 5.0, 45.0, 10.0, 45.0, 5.3, 35.0, 5.0, 42.9, 42.1, 45.0, 50.0, 52.4, 52.4, 52.4, 50.0]",274927616,2983899136,4509855744,2983149568,62.1,"[60.0, 68.0, 56.0]"
2026-09-23T13:35:02.147007+00:00,7207190624281,21818,823.0,54.1,"[70.0, 5.3, 76.2, 5.3, 55.0, 9.5, 52.4, 10.0, 68.4, 76.2, 75.0, 71.4, 75.0, 75.0, 75.0, 75.0]",274927616,2983899136,4509855744,2983149568,62.1,"[71.0, 68.0, 56.0]"
2026-09-23T13:35:02.348369+00:00,7207391986996,21818,804.5,52.2,"[77.8, 9.5, 60.0, 5.0, 55.0, 10.0, 42.1, 10.0, 63.2, 70.0, 71.4, 68.4, 73.7, 70.0, 75.0, 76.2]",274927616,2983899136,4509855744,2983149568,62.1,"[70.0, 68.0, 56.0]"
2026-09-23T13:35:02.549829+00:00,7207593451713,21818,546.0,37.3,"[42.9, 9.5, 36.8, 5.0, 57.1, 10.0, 38.1, 9.5, 47.6, 50.0, 47.4, 50.0, 47.4, 50.0, 47.4, 50.0]",274927616,2983899136,4509855744,2983149568,62.1,"[62.0, 68.0, 56.0]"
2026-09-23T13:35:02.751593+00:00,7207795214213,21818,832.7,53.7,"[63.2, 0.0, 50.0, 14.3, 50.0, 9.5, 73.7, 5.0, 66.7, 73.7, 73.7, 80.0, 76.2, 78.9, 78.9, 78.9]",274927616,2983899136,4509855744,2983149568,62.1,"[72.0, 68.0, 56.0]"
2026-09-23T13:35:02.953043+00:00,7207996658638,21818,809.2,52.5,"[66.7, 0.0, 57.1, 5.3, 55.0, 10.5, 57.1, 5.0, 66.7, 70.0, 70.0, 72.2, 77.8, 73.7, 71.4, 75.0]",274927616,2983899136,4509855744,2983149568,62.1,"[61.0, 68.0, 56.0]"
2026-09-23T13:35:03.154450+00:00,7208198070198,21818,853.9,55.8,"[84.2, 5.0, 52.6, 9.5, 52.6, 10.0, 47.4, 5.0, 75.0, 75.0, 80.0, 76.2, 77.3, 76.2, 80.0, 81.0]",274927616,2983899136,4509855744,2983149568,62.1,"[71.0, 67.0, 56.0]"
2026-09-23T13:35:03.356203+00:00,7208399820890,21818,832.7,55.4,"[71.4, 9.5, 57.1, 5.0, 57.1, 5.3, 60.0, 5.3, 76.2, 76.2, 76.2, 76.2, 75.0, 80.0, 75.0, 80.0]",274927616,2983899136,4509855744,2983149568,62.1,"[72.0, 67.0, 56.0]"
2026-09-23T13:35:03.557484+00:00,7208601105949,21818,844.5,56.3,"[57.9, 5.0, 78.9, 4.8, 50.0, 14.3, 55.0, 15.0, 71.4, 70.0, 75.0, 78.9, 85.0, 76.2, 76.2, 80.0]",274927616,2983899136,4509855744,2983149568,62.1,"[72.0, 67.0, 56.0]"
2026-09-23T13:35:03.759125+00:00,7208802753716,21818,565.3,37.5,"[47.6, 10.0, 45.0, 0.0, 40.0, 4.8, 38.1, 14.3, 47.4, 50.0, 50.0, 52.4, 52.6, 55.0, 55.0, 52.4]",274927616,2983899136,4509855744,2983149568,62.1,"[57.0, 67.0, 56.0]"
2026-09-23T13:35:03.961751+00:00,7209005378933,21818,666.3,45.9,"[50.0, 10.5, 50.0, 5.0, 45.0, 9.5, 40.0, 10.5, 63.6, 70.0, 61.9, 60.0, 63.6, 61.9, 61.9, 66.7]",274927616,2983899136,4509855744,2983157760,62.1,"[60.0, 67.0, 56.0]"
2026-09-23T13:35:04.164197+00:00,7209207813975,21818,834.9,54.8,"[50.0, 10.0, 44.4, 9.5, 55.0, 0.0, 77.3, 9.5, 68.4, 75.0, 80.0, 76.2, 80.0, 76.2, 75.0, 75.0]",274927616,2983899136,4509855744,2983157760,62.1,"[63.0, 67.0, 56.0]"
2026-09-23T13:35:04.365998+00:00,7209409626198,21818,436.0,31.0,"[25.0, 14.3, 28.6, 10.0, 36.8, 4.8, 40.0, 9.5, 42.9, 45.5, 40.0, 40.0, 40.0, 40.0, 42.9, 47.6]",274927616,2983899136,4509855744,2983157760,62.1,"[63.0, 67.0, 56.0]"
2026-09-23T13:35:04.567837+00:00,7209611454973,21818,847.4,56.8,"[70.0, 10.0, 63.2, 5.0, 52.4, 10.0, 50.0, 5.3, 72.7, 75.0, 80.0, 90.5, 77.3, 80.0, 80.0, 80.0]",274927616,2983899136,4509855744,2983157760,62.1,"[70.0, 67.0, 56.0]"
2026-09-23T13:35:04.769079+00:00,7209812699041,21818,859.6,55.8,"[61.9, 14.3, 55.0, 0.0, 72.2, 5.0, 55.0, 10.0, 75.0, 78.9, 76.2, 78.9, 78.9, 80.0, 76.2, 81.0]",274927616,2983899136,4509855744,2983157760,62.1,"[71.0, 67.0, 56.0]"
2026-09-23T13:35:04.970450+00:00,7210014073500,21818,824.3,53.9,"[52.6, 5.3, 60.0, 10.0, 61.9, 5.0, 47.4, 10.0, 71.4, 75.0, 75.0, 80.0, 75.0, 75.0, 77.8, 75.0]",274927616,2983899136,4509855744,2983157760,62.1,"[69.0, 67.0, 56.0]"
2026-09-23T13:35:05.172168+00:00,7210215789630,21818,857.6,56.9,"[57.1, 5.0, 57.1, 5.0, 70.0, 5.0, 71.4, 5.0, 80.0, 81.0, 78.9, 75.0, 75.0, 81.0, 77.3, 81.0]",274927616,2983899136,4509851648,2983161856,62.1,"[69.0, 67.0, 56.0]"
2026-09-23T13:35:05.374031+00:00,7210417652501,21818,579.6,39.8,"[50.0, 10.0, 35.0, 5.0, 45.0, 9.5, 35.0, 5.3, 47.6, 55.0, 54.5, 57.1, 55.0, 50.0, 52.6, 55.0]",274927616,2983899136,4509851648,2983161856,62.1,"[65.0, 69.0, 56.0]"
2026-09-23T13:35:05.575689+00:00,7210619320647,21818,426.5,28.7,"[25.0, 14.3, 26.3, 0.0, 45.0, 5.0, 26.3, 13.6, 40.0, 36.8, 36.8, 35.0, 38.9, 40.0, 40.0, 40.0]",274927616,2983899136,4509851648,2983161856,62.1,"[64.0, 69.0, 56.0]"
2026-09-23T13:35:05.777471+00:00,7210821171302,21818,826.9,55.7,"[57.1, 5.0, 50.0, 5.3, 52.4, 10.0, 66.7, 10.0, 76.2, 77.3, 76.2, 81.0, 76.2, 75.0, 76.2, 81.0]",274927616,2983899136,4509851648,2983161856,62.1,"[68.0, 69.0, 56.0]"
2026-09-23T13:35:05.979564+00:00,7211023199266,21818,544.7,36.1,"[36.8, 5.3, 44.4, 5.3, 30.0, 9.5, 35.0, 5.0, 50.0, 47.4, 52.4, 55.0, 50.0, 52.4, 50.0, 57.9]",274927616,2983899136,4509851648,2983161856,62.1,"[58.0, 69.0, 56.0]"
2026-09-23T13:35:06.182716+00:00,7211226352080,21818,0.0,3.7,"[19.0, 9.1, 15.0, 4.8, 0.0, 9.5, 0.0, 5.3, 0.0, 0.0, 0.0, 4.8, 0.0, 0.0, 0.0, 4.8]",274927616,2983899136,4509851648,2983161856,62.1,"[55.0, 69.0, 56.0]"
2026-09-23T13:35:06.386031+00:00,7211429663101,21818,452.5,30.4,"[26.3, 0.0, 35.0, 9.5, 26.3, 5.0, 52.6, 5.0, 42.9, 45.0, 40.0, 40.0, 42.9, 36.8, 42.1, 45.0]",274927616,2983899136,4509851648,2983161856,62.1,"[57.0, 69.0, 56.0]"
2026-09-23T13:35:06.588578+00:00,7211632199148,21818,854.3,57.5,"[60.0, 10.0, 55.0, 5.3, 60.0, 14.3, 66.7, 9.5, 80.0, 80.0, 80.0, 78.9, 80.0, 81.0, 77.3, 81.0]",274927616,2983899136,4509851648,2983161856,62.1,"[69.0, 69.0, 57.0]"
2026-09-23T13:35:06.789951+00:00,7211833571977,21818,581.0,39.4,"[31.6, 10.0, 30.0, 10.0, 40.0, 10.0, 50.0, 10.0, 57.1, 50.0, 50.0, 52.4, 52.6, 50.0, 52.6, 60.0]",274927616,2983899136,4509851648,2983161856,62.1,"[62.0, 69.0, 57.0]"
2026-09-23T13:35:06.991657+00:00,7212035281877,21818,406.5,28.7,"[30.0, 5.0, 25.0, 14.3, 40.0, 5.0, 30.0, 10.0, 35.0, 42.9, 36.8, 38.1, 38.1, 36.8, 38.1, 38.1]",274927616,2983899136,4509851648,2983161856,62.1,"[56.0, 69.0, 57.0]"
2026-09-23T13:35:07.193949+00:00,7212237570345,21818,677.3,45.8,"[45.0, 5.0, 36.8, 10.5, 76.2, 0.0, 42.9, 10.0, 61.9, 60.0, 61.9, 63.2, 61.9, 63.6, 65.0, 65.0]",274927616,2983899136,4509851648,2983161856,62.1,"[70.0, 69.0, 57.0]"
2026-09-23T13:35:07.395673+00:00,7212439307394,21818,545.2,35.0,"[31.6, 10.0, 26.3, 10.0, 60.0, 5.0, 31.6, 10.0, 47.6, 50.0, 45.0, 45.0, 47.4, 47.4, 45.0, 47.4]",274927616,2983899136,4509851648,2983161856,62.1,"[57.0, 69.0, 57.0]"
2026-09-23T13:35:07.598509+00:00,7212642127439,21818,818.6,53.9,"[45.0, 14.3, 65.0, 15.0, 70.0, 5.0, 44.4, 10.0, 75.0, 73.7, 75.0, 76.2, 75.0, 75.0, 75.0, 76.2]",274927616,2983899136,4509851648,2983161856,62.1,"[68.0, 63.0, 57.0]"
2026-09-23T13:35:07.800116+00:00,7212843734332,21818,818.4,52.8,"[50.0, 0.0, 57.9, 5.0, 55.0, 5.0, 47.4, 10.0, 68.4, 75.0, 75.0, 77.8, 85.0, 73.7, 76.2, 80.0]",274927616,2983899136,4510105600,2982907904,62.1,"[70.0, 63.0, 57.0]"
2026-09-23T13:35:08.001367+00:00,7213044983509,21818,844.7,55.5,"[57.9, 14.3, 47.4, 10.0, 52.6, 10.0, 90.5, 5.0, 76.2, 78.9, 75.0, 76.2, 70.0, 78.9, 73.7, 78.9]",274927616,2983899136,4510105600,2982907904,62.1,"[66.0, 63.0, 57.0]"
2026-09-23T13:35:08.202718+00:00,7213246342564,21818,819.3,55.4,"[59.1, 0.0, 52.4, 19.0, 68.4, 5.3, 57.1, 9.5, 76.2, 77.3, 75.0, 75.0, 75.0, 75.0, 75.0, 75.0]",274927616,2983899136,4510105600,2982907904,62.1,"[66.0, 63.0, 57.0]"
2026-09-23T13:35:08.404460+00:00,7213448079514,21818,847.7,55.7,"[57.9, 5.0, 57.1, 10.0, 71.4, 10.0, 55.0, 0.0, 75.0, 75.0, 77.3, 80.0, 80.0, 77.3, 78.9, 81.8]",274927616,2983899136,4510105600,2982907904,62.1,"[66.0, 63.0, 57.0]"
2026-09-23T13:35:08.606228+00:00,7213649860168,21818,807.7,53.8,"[52.4, 5.0, 47.4, 14.3, 66.7, 9.5, 50.0, 10.0, 71.4, 76.2, 75.0, 76.2, 81.0, 75.0, 77.3, 73.7]",274927616,2983899136,4510105600,2982907904,62.1,"[64.0, 63.0, 57.0]"
2026-09-23T13:35:08.808192+00:00,7213851817228,21818,668.5,43.7,"[40.0, 13.6, 40.0, 15.0, 42.1, 0.0, 66.7, 5.0, 57.1, 57.9, 60.0, 55.6, 57.9, 60.0, 57.9, 60.0]",274927616,2983899136,4510097408,2982907904,62.1,"[60.0, 63.0, 57.0]"
2026-09-23T13:35:09.010751+00:00,7214054378957,21818,19.7,5.0,"[0.0, 10.5, 5.0, 15.0, 10.0, 4.8, 10.0, 9.5, 5.3, 5.0, 0.0, 4.8, 0.0, 0.0, 4.8, 5.0]",274927616,2983899136,4510097408,2982907904,62.1,"[56.0, 63.0, 57.0]"
2026-09-23T13:35:09.212823+00:00,7214256440662,21818,836.5,55.5,"[50.0, 10.0, 45.0, 15.0, 42.1, 9.5, 80.0, 5.0, 75.0, 76.2, 81.0, 75.0, 75.0, 76.2, 78.9, 80.0]",274927616,2983899136,4510097408,2982907904,62.1,"[67.0, 63.0, 57.0]"
2026-09-23T13:35:09.414312+00:00,7214457942259,21818,377.1,25.6,"[25.0, 10.0, 30.0, 5.3, 30.0, 5.3, 25.0, 5.0, 35.0, 36.8, 33.3, 35.0, 35.0, 36.8, 31.6, 35.0]",274927616,2983899136,4510097408,2982907904,62.1,"[56.0, 63.0, 57.0]"
2026-09-23T13:35:09.616890+00:00,7214660509357,21818,459.2,33.6,"[25.0, 9.5, 30.0, 19.0, 35.0, 10.0, 40.0, 5.0, 52.4, 42.9, 45.5, 47.6, 40.0, 45.5, 45.5, 47.6]",274927616,2983899136,4510097408,2982907904,62.1,"[61.0, 63.0, 57.0]"
2026-09-23T13:35:09.818371+00:00,7214861990567,21818,838.7,55.1,"[52.4, 0.0, 50.0, 10.0, 80.0, 5.0, 55.0, 10.0, 76.2, 76.2, 75.0, 73.7, 80.0, 78.9, 80.0, 81.0]",274927616,2983899136,4510326784,2982682624,62.1,"[69.0, 65.0, 57.0]"
2026-09-23T13:35:10.019691+00:00,7215063309333,21818,829.6,54.6,"[52.6, 9.5, 57.1, 5.0, 76.2, 5.0, 50.0, 14.3, 73.7, 75.0, 80.0, 76.2, 75.0, 70.0, 75.0, 75.0]",274927616,2983899136,4510326784,2982682624,62.1,"[70.0, 65.0, 57.0]"
2026-09-23T13:35:10.221158+00:00,7215264776912,21818,828.9,54.7,"[52.6, 10.0, 65.0, 10.5, 55.0, 5.0, 70.0, 5.0, 76.2, 75.0, 70.0, 73.7, 75.0, 80.0, 75.0, 80.0]",274927616,2983899136,4510572544,2982436864,62.1,"[72.0, 65.0, 57.0]"
2026-09-23T13:35:10.422563+00:00,7215466185612,21818,551.1,38.7,"[40.9, 10.0, 33.3, 10.0, 45.5, 10.5, 35.0, 5.0, 52.4, 55.0, 55.0, 52.4, 50.0, 50.0, 50.0, 55.0]",274927616,2983899136,4510572544,2982436864,62.1,"[67.0, 65.0, 57.0]"
2026-09-23T13:35:10.623817+00:00,7215667436197,21818,561.5,39.9,"[45.0, 19.0, 33.3, 13.6, 52.6, 4.8, 40.9, 10.5, 47.6, 52.4, 54.5, 52.4, 52.6, 52.4, 57.1, 55.0]",274927616,2983899136,4510572544,2982436864,62.1,"[67.0, 65.0, 57.0]"
2026-09-23T13:35:10.825472+00:00,7215869090365,21818,843.0,54.0,"[52.6, 10.0, 52.6, 10.0, 70.0, 10.0, 42.1, 5.0, 76.2, 80.0, 73.7, 77.8, 76.2, 77.8, 73.7, 80.0]",274927616,2983899136,4511080448,2981924864,62.1,"[69.0, 65.0, 57.0]"
2026-09-23T13:35:11.026923+00:00,7216070550737,21818,590.6,39.9,"[35.0, 5.3, 52.6, 10.5, 36.8, 0.0, 45.0, 9.5, 52.6, 52.4, 55.0, 52.4, 60.0, 54.5, 55.0, 55.0]",274927616,2983899136,4511080448,2981924864,62.1,"[59.0, 65.0, 57.0]"
2026-09-23T13:35:11.229305+00:00,7216272925350,21818,766.0,52.0,"[42.1, 13.6, 42.9, 18.2, 54.5, 10.0, 75.0, 14.3, 66.7, 73.7, 71.4, 71.4, 71.4, 70.0, 71.4, 71.4]",274927616,2983899136,4511080448,2981924864,62.1,"[69.0, 65.0, 57.0]"
2026-09-23T13:35:11.431070+00:00,7216474692530,21818,872.3,57.6,"[57.1, 5.3, 55.0, 14.3, 73.7, 9.5, 60.0, 10.0, 80.0, 81.0, 78.9, 78.9, 80.0, 80.0, 75.0, 80.0]",274927616,2983899136,4511080448,2981924864,62.1,"[72.0, 65.0, 57.0]"
2026-09-23T13:35:11.632419+00:00,7216676043848,21818,839.3,55.1,"[55.0, 5.0, 50.0, 10.0, 81.0, 0.0, 61.9, 15.0, 76.2, 76.2, 77.3, 75.0, 78.9, 76.2, 78.9, 78.9]",274927616,2983899136,4511080448,2981924864,62.1,"[68.0, 65.0, 57.0]"
2026-09-23T13:35:11.834059+00:00,7216877682814,21818,862.9,56.5,"[50.0, 5.0, 47.4, 10.0, 95.0, 0.0, 45.0, 10.0, 76.2, 80.0, 78.9, 76.2, 76.2, 78.9, 81.0, 76.2]",274927616,2983899136,4511080448,2981924864,62.1,"[70.0, 65.0, 57.0]"
2026-09-23T13:35:12.035422+00:00,7217079045084,21818,829.4,53.8,"[47.4, 0.0, 47.4, 13.6, 95.0, 4.8, 44.4, 14.3, 71.4, 75.0, 75.0, 75.0, 75.0, 76.2, 73.7, 80.0]",274927616,2983899136,4511080448,2981924864,62.1,"[72.0, 65.0, 57.0]"
2026-09-23T13:35:12.236736+00:00,7217280354392,21818,824.6,54.2,"[50.0, 13.6, 52.4, 5.3, 80.0, 5.0, 60.0, 10.0, 75.0, 70.0, 75.0, 75.0, 73.7, 75.0, 71.4, 75.0]",274927616,2983899136,4511080448,2981924864,62.1,"[72.0, 69.0, 57.0]"
2026-09-23T13:35:12.438115+00:00,7217481734644,21818,839.2,55.4,"[50.0, 5.0, 60.0, 14.3, 65.0, 10.0, 60.0, 5.3, 80.0, 80.0, 75.0, 73.7, 76.2, 80.0, 80.0, 81.0]",274927616,2983899136,4511080448,2981924864,62.1,"[73.0, 69.0, 57.0]"
2026-09-23T13:35:12.639541+00:00,7217683162274,21818,834.0,54.7,"[55.0, 10.0, 66.7, 5.0, 60.0, 0.0, 60.0, 9.5, 73.7, 70.0, 75.0, 76.2, 80.0, 73.7, 73.7, 75.0]",274927616,2983899136,4511080448,2981924864,62.1,"[73.0, 69.0, 57.0]"
2026-09-23T13:35:12.840762+00:00,7217884379852,21818,531.8,36.6,"[36.8, 15.0, 60.0, 9.5, 35.0, 4.8, 30.0, 15.0, 47.6, 47.4, 45.0, 50.0, 47.4, 52.4, 50.0, 50.0]",274927616,2983899136,4511338496,2981666816,62.1,"[68.0, 69.0, 57.0]"
2026-09-23T13:35:13.041828+00:00,7218085447238,21818,835.5,55.6,"[50.0, 5.0, 61.9, 13.6, 80.0, 5.0, 52.4, 10.0, 77.3, 75.0, 75.0, 73.7, 75.0, 73.7, 80.0, 78.9]",274927616,2983899136,4511338496,2981666816,62.1,"[72.0, 69.0, 57.0]"
2026-09-23T13:35:13.243267+00:00,7218286885928,21818,863.8,56.7,"[55.0, 5.3, 84.2, 9.5, 60.0, 18.2, 55.0, 14.3, 77.8, 78.9, 80.0, 76.2, 76.2, 81.0, 75.0, 80.0]",274927616,2983899136,4511338496,2981666816,62.1,"[71.0, 69.0, 57.0]"
2026-09-23T13:35:13.444644+00:00,7218488261365,21818,774.7,50.8,"[47.6, 9.5, 60.0, 0.0, 45.0, 9.5, 60.0, 10.0, 66.7, 71.4, 70.0, 70.0, 70.0, 68.4, 68.4, 70.0]",274927616,2983899136,4511338496,2981666816,62.1,"[61.0, 69.0, 57.0]"
2026-09-23T13:35:13.646077+00:00,7218689702612,21818,412.0,30.2,"[27.8, 5.3, 21.1, 10.0, 47.6, 10.0, 26.3, 9.5, 42.9, 36.8, 40.0, 40.0, 40.0, 40.9, 42.9, 42.9]",274927616,2983899136,4511338496,2981666816,62.1,"[66.0, 69.0, 57.0]"
2026-09-23T13:35:13.847716+00:00,7218891334245,21818,843.2,55.7,"[55.0, 13.6, 75.0, 10.0, 50.0, 13.6, 55.0, 10.0, 75.0, 80.0, 76.2, 80.0, 75.0, 78.9, 76.2, 80.0]",274927616,2983899136,4511338496,2981666816,62.1,"[70.0, 69.0, 57.0]"
2026-09-23T13:35:14.049071+00:00,7219092688010,21818,824.4,55.6,"[70.0, 13.6, 52.4, 18.2, 52.4, 5.3, 52.4, 5.0, 76.2, 76.2, 75.0, 81.0, 80.0, 76.2, 75.0, 76.2]",274927616,2983899136,4511338496,2981666816,62.1,"[68.0, 69.0, 57.0]"
2026-09-23T13:35:14.250681+00:00,7219294306371,21818,828.0,54.1,"[61.1, 5.3, 47.4, 5.0, 61.9, 17.4, 57.9, 5.3, 75.0, 75.0, 76.2, 76.2, 75.0, 76.2, 80.0, 73.7]",274927616,2983899136,4511338496,2981666816,62.1,"[68.0, 69.0, 57.0]"
2026-09-23T13:35:14.452509+00:00,7219496128206,21818,817.9,54.2,"[57.1, 10.0, 50.0, 5.0, 63.2, 17.4, 60.0, 9.5, 71.4, 75.0, 75.0, 75.0, 76.2, 73.7, 75.0, 75.0]",274927616,2983899136,4511338496,2981666816,62.1,"[69.0, 66.0, 57.0]"
2026-09-23T13:35:14.653850+00:00,7219697468773,21818,834.4,53.8,"[52.6, 5.3, 70.0, 10.0, 52.6, 17.4, 50.0, 9.5, 73.7, 77.8, 73.7, 80.0, 77.8, 75.0, 73.7, 78.9]",274927616,2983899136,4511338496,2981666816,62.1,"[70.0, 66.0, 57.0]"
2026-09-23T13:35:14.854996+00:00,7219898615861,21818,855.1,56.3,"[55.0, 10.0, 55.0, 5.0, 52.6, 5.3, 63.2, 13.6, 75.0, 81.0, 81.0, 80.0, 90.5, 80.0, 75.0, 81.0]",274927616,2983899136,4511338496,2981670912,62.1,"[72.0, 66.0, 57.0]"
2026-09-23T13:35:15.056598+00:00,7220100218009,21818,873.0,57.5,"[57.1, 14.3, 61.9, 5.0, 59.1, 9.5, 61.9, 9.5, 80.0, 75.0, 78.9, 90.0, 78.9, 80.0, 81.0, 80.0]",274927616,2983899136,4511338496,2981670912,62.1,"[70.0, 66.0, 57.0]"
2026-09-23T13:35:15.257759+00:00,7220301377556,21818,835.2,55.7,"[57.9, 9.5, 50.0, 5.0, 47.4, 14.3, 65.0, 10.0, 76.2, 78.9, 76.2, 81.0, 77.3, 76.2, 80.0, 80.0]",274927616,2983899136,4511633408,2981376000,62.1,"[69.0, 66.0, 57.0]"
2026-09-23T13:35:15.458792+00:00,7220502410233,21818,820.8,53.9,"[47.4, 5.0, 65.0, 10.0, 55.0, 10.0, 60.0, 5.3, 75.0, 71.4, 73.7, 80.0, 78.9, 75.0, 73.7, 76.2]",274927616,2983899136,4511633408,2981376000,62.1,"[71.0, 66.0, 57.0]"
2026-09-23T13:35:15.659986+00:00,7220703607353,21818,815.1,54.0,"[52.4, 5.3, 60.0, 0.0, 60.0, 10.0, 59.1, 10.0, 72.7, 76.2, 71.4, 76.2, 75.0, 75.0, 75.0, 75.0]",274927616,2983899136,4511633408,2981376000,62.1,"[66.0, 66.0, 57.0]"
2026-09-23T13:35:15.861533+00:00,7220905155137,21818,833.6,54.7,"[65.0, 4.8, 52.4, 9.5, 55.0, 10.0, 50.0, 14.3, 73.7, 78.9, 76.2, 78.9, 81.0, 75.0, 80.0, 81.0]",274927616,2983899136,4511584256,2981425152,62.1,"[70.0, 66.0, 57.0]"
2026-09-23T13:35:16.062887+00:00,7221106507864,21818,700.3,47.9,"[55.0, 5.3, 42.1, 5.0, 42.9, 10.5, 40.0, 10.0, 66.7, 71.4, 65.0, 65.0, 65.0, 66.7, 66.7, 66.7]",274927616,2983899136,4511584256,2981425152,62.1,"[69.0, 66.0, 57.0]"
2026-09-23T13:35:16.264313+00:00,7221307929674,21818,784.4,52.3,"[57.1, 10.0, 52.4, 5.0, 52.4, 15.0, 52.6, 0.0, 71.4, 73.7, 71.4, 77.3, 72.7, 76.2, 72.7, 76.2]",274927616,2983899136,4511584256,2981425152,62.1,"[61.0, 66.0, 57.0]"
