frame_index,processed_frames,exceptions,image_stamp_ns,image_age_at_callback_ms,preprocess_ms,inference_ms,postprocess_ms,callback_latency_ms,detection_count,error
77,77,0,1790173682379172000,51.939512,4.883978,11.682597,0.428042,17.098834,2,
78,78,0,1790173682515170000,47.830842,4.645734,11.211308,0.424621,16.386887,2,
79,79,0,1790173682615040000,55.350886,6.059254,13.119664,0.511181,19.810374,2,
80,80,0,1790173682647145000,48.263704,2.87075,11.56622,0.440661,14.987802,2,
81,81,0,1790173682715161000,55.543723,6.537324,12.35726,0.517849,19.516204,2,
82,82,0,1790173682747147000,48.220578,2.925529,11.512642,0.459725,14.999451,2,
83,83,0,1790173682783101000,44.090791,2.786634,11.46901,0.4385,14.796566,2,
84,84,0,1790173682815118000,48.49978,3.371256,11.200599,0.468158,15.149553,2,
85,85,0,1790173682847052000,48.778739,3.028085,11.750006,0.441453,15.308696,2,
86,86,0,1790173682883087000,44.703647,3.11214,11.799236,0.430014,15.439135,2,
87,87,0,1790173682915096000,49.099553,3.805434,11.39638,0.424339,15.734503,2,
88,88,0,1790173682947130000,48.545152,3.184797,11.465215,0.441442,15.195465,2,
89,89,0,1790173682983100000,44.775156,3.105557,11.892254,0.438704,15.530885,2,
90,90,0,1790173683015117000,48.362888,2.960429,11.236692,0.46977,14.778866,2,
91,91,0,1790173683047186000,48.581028,3.058083,11.732178,0.433273,15.32673,2,
92,92,0,1790173683083112000,44.501647,3.065925,11.574289,0.438811,15.176093,2,
93,93,0,1790173683115107000,48.390982,3.286652,11.280545,0.462632,15.141894,2,
94,94,0,1790173683151095000,44.472054,3.061586,11.527935,0.480662,15.191972,2,
95,95,0,1790173683183113000,48.236866,2.932967,11.135333,0.459496,14.631028,2,
96,96,0,1790173683215164000,48.110961,3.132388,11.293508,0.474557,15.011253,2,
97,97,0,1790173683251077000,44.557913,3.11597,11.543534,0.437889,15.199368,2,
98,98,0,1790173683283113000,48.580223,2.878399,11.553908,0.440237,14.974091,2,
99,99,0,1790173683315166000,47.751153,3.03737,11.198401,0.445093,14.787189,2,
100,100,0,1790173683351101000,44.316374,2.955277,11.483469,0.498078,15.042485,2,
101,101,0,1790173683383106000,48.609868,2.90877,11.564833,0.440229,15.016548,2,
102,102,0,1790173683415153000,47.864483,2.964414,11.282592,0.440577,14.821786,2,
103,103,0,1790173683451077000,44.119264,2.751001,11.486206,0.44503,14.798998,2,
104,104,0,1790173683483106000,49.204115,2.915423,12.199294,0.431848,15.650296,2,
105,105,0,1790173683515059000,47.822542,2.820296,11.305286,0.439646,14.674472,2,
106,106,0,1790173683551104000,44.309199,3.011924,11.483527,0.437556,15.04829,2,
107,107,0,1790173683583099000,48.961437,2.978116,11.758707,0.424999,15.268656,2,
108,108,0,1790173683615144000,47.7679,2.692598,11.296264,0.442359,14.54099,2,
109,109,0,1790173683783192000,55.103592,6.499951,12.460344,0.438938,19.509729,2,
110,110,0,1790173683851159000,54.622159,6.059213,12.478824,0.466151,19.115596,2,
111,111,0,1790173683919139000,51.42257,7.250468,11.94256,0.466352,19.764911,2,
112,112,0,1790173684019072000,49.388578,4.878635,11.779163,0.425246,17.203098,2,
113,113,0,1790173684119102000,49.63658,5.231274,11.762079,0.426873,17.512232,2,
114,114,0,1790173684419083000,53.631911,6.149939,12.215942,0.425804,18.889793,2,
115,115,0,1790173684987073000,53.638762,5.706444,11.64194,0.447123,17.907318,2,
116,116,0,1790173685055131000,50.116756,6.262149,12.127973,0.439221,18.932653,2,
117,117,0,1790173685219001000,51.938212,4.994293,12.171438,0.597223,17.87777,2,
118,118,0,1790173685487079000,53.7736,6.17965,11.82634,0.443067,18.559552,2,
119,119,0,1790173685687058000,51.132904,4.628865,11.342553,0.455344,16.537037,2,
120,120,0,1790173685754976000,54.508465,6.002004,12.493418,0.428683,19.034123,2,
121,121,0,1790173685823096000,49.070929,5.538475,12.658325,0.425242,18.722697,2,
122,122,0,1790173686023091000,52.155868,6.299563,14.953383,0.423039,21.780781,2,
123,123,0,1790173686155105000,52.405345,4.505217,11.662339,0.444158,16.742828,2,
124,124,0,1790173686255094000,57.827266,7.077248,15.057716,0.428278,22.667171,2,
125,125,0,1790173686355086000,54.654304,6.84964,12.498935,0.43309,19.884085,2,
126,126,0,1790173686723093000,51.51339,4.938165,11.473418,0.451889,16.975911,2,
127,127,0,1790173686859067000,50.408943,6.300147,12.093356,0.429797,18.935022,2,
128,128,0,1790173687023075000,53.020016,5.454764,12.497654,0.427247,18.482567,2,
129,129,0,1790173687227027000,50.285971,5.99799,12.922264,0.430443,19.455416,2,
130,130,0,1790173687726996000,50.723395,5.79116,13.891028,0.426456,20.214395,2,
131,131,0,1790173688394985000,52.375404,5.519548,11.795344,0.426205,17.836593,2,
132,132,0,1790173688463054000,48.318732,5.352704,11.855493,0.454814,17.763808,2,
133,133,0,1790173688795047000,52.423676,5.405104,12.089087,0.456454,18.088394,2,
134,134,0,1790173689131027000,50.137016,6.548499,12.53245,0.435808,19.621304,2,
135,135,0,1790173689363020000,57.327683,7.133252,14.260979,0.4644,22.000802,2,
136,136,0,1790173689499011000,47.452622,4.933462,11.505202,0.5591,17.175625,2,
137,137,0,1790173689631031000,53.737212,6.41205,11.681132,0.480895,18.68165,2,
138,138,0,1790173689698902000,48.753961,5.710987,12.342072,0.455075,18.604458,2,
139,139,0,1790173689862963000,50.772748,4.031163,11.374708,0.437899,15.94554,2,
140,140,0,1790173690099001000,50.016111,5.871283,12.863682,0.426107,19.259268,2,
141,141,0,1790173690130905000,48.690723,3.038081,11.391024,0.445584,14.978,2,
142,142,0,1790173690231002000,54.823349,6.147108,13.316827,0.462294,20.034326,2,
143,143,0,1790173690299017000,53.538264,5.914939,12.286433,0.44219,18.745006,2,
144,144,0,1790173690366856000,48.893738,5.615487,11.638803,0.433865,17.793361,2,
145,145,0,1790173690530989000,51.633022,4.917508,11.338683,0.44574,16.810144,2,
146,146,0,1790173690766943000,53.432658,5.795254,11.720164,0.480969,18.120129,2,
147,147,0,1790173690866947000,54.107856,6.105705,12.14396,0.651547,19.003777,2,
148,148,0,1790173690934982000,49.291502,5.766953,11.790105,0.428592,18.092597,2,
149,149,0,1790173691034994000,49.659601,6.060291,12.194003,0.449699,18.840259,2,
150,150,0,1790173691198853000,54.310737,6.081328,12.728196,0.436156,19.357082,2,
151,151,0,1790173691334971000,52.25891,4.469018,11.553256,0.535494,16.657369,2,
152,152,0,1790173691366926000,47.837762,2.771722,11.353385,0.444891,14.677499,2,
153,153,0,1790173691402927000,44.559252,3.099005,11.75124,0.420043,15.378573,2,
154,154,0,1790173691434924000,48.274362,3.031307,11.277529,0.442173,14.860776,2,
155,155,0,1790173691466880000,48.010039,2.936804,11.131829,0.428083,14.631085,2,
156,156,0,1790173691534969000,53.768702,5.90344,12.305783,0.437189,18.752697,2,
157,157,0,1790173691634970000,54.565772,5.87454,13.368401,0.437712,19.789955,2,
158,158,0,1790173691934833000,51.125158,4.189986,11.194786,0.446254,15.946939,2,
159,159,0,1790173692402970000,53.252362,5.706923,12.161156,0.424088,18.411824,2,
160,160,0,1790173692438839000,44.625406,3.537553,11.20536,0.437419,15.295894,2,
161,161,0,1790173692638950000,49.324896,5.857794,12.161244,0.424823,18.540553,2,
162,162,0,1790173692738945000,48.829549,5.381831,12.023301,0.435091,17.945026,2,
163,163,0,1790173692838929000,48.013745,4.511753,11.568233,0.485702,16.662901,2,
164,164,0,1790173692938939000,51.644143,6.349857,13.601568,0.440164,20.495842,2,
165,165,0,1790173693006892000,50.375723,5.961031,12.978015,0.425188,19.472964,2,
166,166,0,1790173693038841000,48.21418,2.814987,11.434491,0.553413,14.909931,2,
167,167,0,1790173693106894000,50.266009,5.978834,12.281124,0.42526,18.787457,2,
168,168,0,1790173693170771000,54.704076,6.072406,12.777006,0.428196,19.416181,2,
169,169,0,1790173693306891000,48.34455,5.140753,11.591096,0.461489,17.298779,2,
170,170,0,1790173693370811000,53.794953,5.861494,12.948375,0.426397,19.341967,2,
171,171,0,1790173693506877000,50.346963,6.07928,12.615337,0.449509,19.244423,2,
172,172,0,1790173693606831000,54.751864,6.808909,11.891652,0.430413,19.235629,2,
173,173,0,1790173693674921000,48.852217,5.534211,11.705057,0.436778,17.77803,2,
174,174,0,1790173693938937000,52.882035,5.807878,12.397806,0.433416,18.740845,2,
175,175,0,1790173693974854000,44.323595,3.123269,11.594493,0.42409,15.244929,2,
176,176,0,1790173694006763000,49.096114,2.828332,12.0096,0.448821,15.385025,2,
177,177,0,1790173694174895000,50.50769,3.990519,11.590751,0.44705,16.129021,2,
178,178,0,1790173694274911000,53.610009,5.79043,12.925476,0.425719,19.241937,2,
179,179,0,1790173694474922000,52.843971,5.473544,12.493063,0.42592,18.487012,2,
180,180,0,1790173694674901000,52.894748,5.510332,12.504111,0.429884,18.555407,2,
181,181,0,1790173694774898000,52.749185,5.492725,12.427703,0.437961,18.456057,2,
182,182,0,1790173694874916000,52.805628,5.644147,12.071733,0.428634,18.246304,2,
183,183,0,1790173695074897000,53.706319,5.986663,12.443257,0.430485,18.962367,2,
184,184,0,1790173695174912000,51.331581,4.831518,11.558834,0.478335,16.975368,2,
185,185,0,1790173695278847000,51.428537,5.899082,14.609321,0.42272,21.030851,2,
186,186,0,1790173695478884000,49.783066,5.842311,12.61491,0.454134,19.019034,2,
187,187,0,1790173695510801000,48.558751,3.003622,11.502654,0.426928,15.038723,2,
188,188,0,1790173695542897000,48.307645,3.056111,11.521356,0.456162,15.136656,2,
189,189,0,1790173695578836000,44.427009,3.121356,11.653221,0.427985,15.333491,2,
190,190,0,1790173695610834000,49.219707,3.124232,12.013137,0.424103,15.663626,2,
191,191,0,1790173695642900000,48.507635,3.139098,11.625681,0.431903,15.301622,2,
192,192,0,1790173695678837000,44.270768,2.904899,11.740089,0.453391,15.198078,2,
193,193,0,1790173695710749000,49.137964,3.132025,11.691542,0.427466,15.360019,2,
194,194,0,1790173695742874000,48.095394,2.67128,11.553988,0.467989,14.804261,2,
195,195,0,1790173695778812000,44.266784,2.883818,11.659214,0.452815,15.097048,2,
196,196,0,1790173695810830000,49.369597,3.132154,11.961348,0.438494,15.636372,2,
197,197,0,1790173695878877000,49.136275,5.286691,12.603581,0.415894,18.407065,2,
198,198,0,1790173695910821000,48.755246,3.449825,11.49746,0.435767,15.48513,2,
199,199,0,1790173696046777000,47.244178,5.109312,11.487573,0.436047,17.137983,2,
200,200,0,1790173696110873000,55.43724,6.253833,12.144114,0.471565,18.984012,2,
201,201,0,1790173696210860000,56.513768,6.703296,12.85407,0.436338,20.099578,2,
202,202,0,1790173696310732000,56.74941,6.74501,13.020573,0.43379,20.330582,2,
203,203,0,1790173696410862000,55.910264,6.583195,12.563922,0.487024,19.738037,2,
204,204,0,1790173697014866000,52.258006,6.587861,13.032522,0.50409,20.22864,2,
205,205,0,1790173697082835000,48.638318,5.721799,12.028995,0.429176,18.294571,2,
206,206,0,1790173697146786000,54.206561,6.238856,12.436332,0.479364,19.250079,2,
207,207,0,1790173697214842000,54.716674,6.301946,12.66348,0.474808,19.544151,2,
208,208,0,1790173697314760000,52.44259,4.435632,11.751288,0.447775,16.759417,2,
209,209,0,1790173697514839000,50.850805,3.83854,11.550408,0.451816,15.951523,2,
210,210,0,1790173697614843000,53.795681,5.962394,12.489513,0.448769,18.995728,2,
211,211,0,1790173697682832000,53.534981,6.003771,12.129932,0.430655,18.672985,2,
212,212,0,1790173697750740000,49.003693,5.735313,12.075354,0.445212,18.363972,2,
213,213,0,1790173697850796000,48.465464,5.637368,11.831246,0.44113,18.007824,2,
214,214,0,1790173697914845000,54.31682,6.074229,12.860901,0.432788,19.470255,2,
215,215,0,1790173698014850000,56.351428,6.639099,13.331349,0.497684,20.569899,2,
216,216,0,1790173698114804000,52.806983,5.194143,11.535538,0.455795,17.280137,2,
217,217,0,1790173698218787000,48.324182,3.988461,11.839562,0.432389,16.36071,2,
218,218,0,1790173698318774000,52.343672,6.511,13.542849,0.423774,20.573774,2,
219,219,0,1790173698382849000,53.026011,5.741275,11.666697,0.439555,17.952607,2,
220,220,0,1790173698450759000,52.549365,5.490542,11.704582,0.511678,17.868997,2,
221,221,0,1790173698518767000,49.262234,5.584409,11.690851,0.641601,18.033124,2,
222,222,0,1790173698718778000,50.135276,6.095779,11.914066,0.453884,18.559796,2,
223,223,0,1790173698750750000,48.466265,3.256783,11.343414,0.435272,15.167511,2,
224,224,0,1790173699250764000,54.752112,6.309704,12.453097,0.436142,19.30677,2,
225,225,0,1790173699318814000,52.603675,5.279625,12.194257,0.497144,18.068727,2,
226,226,0,1790173699386726000,49.626883,5.759618,12.020149,0.434075,18.324474,2,
227,227,0,1790173699454785000,53.764101,8.577326,13.086183,0.419353,22.200186,2,
228,228,0,1790173699554811000,48.474581,4.915956,11.532561,0.431769,16.980183,2,
229,229,0,1790173699654756000,52.14658,6.539582,13.565005,0.521435,20.724064,2,
230,230,0,1790173699754813000,49.931152,6.256743,12.162558,0.477596,19.014893,2,
231,231,0,1790173699854805000,50.328936,6.346539,12.403436,0.478062,19.331877,2,
232,232,0,1790173699954788000,50.427676,6.099151,12.000337,0.531625,18.756792,2,
233,233,0,1790173700022754000,48.523155,5.380237,12.079879,0.425661,17.97892,2,
234,234,0,1790173700054742000,48.390229,3.065691,11.476981,0.461863,15.114063,2,
235,235,0,1790173700122781000,48.70729,5.388132,12.189108,0.447223,18.122518,2,
236,236,0,1790173700254777000,52.18382,4.670247,11.871271,0.494339,17.132083,2,
237,237,0,1790173700286693000,48.29114,3.00204,11.356505,0.458096,14.920482,2,
238,238,0,1790173700322708000,44.416793,2.809876,11.650961,0.465845,15.023297,2,
239,239,0,1790173700354735000,48.844576,3.239818,11.604637,0.457489,15.400023,2,
240,240,0,1790173700386652000,48.188702,2.904412,11.479874,0.465158,14.972013,2,
241,241,0,1790173700422733000,44.730544,3.187015,11.633489,0.442295,15.389618,2,
242,242,0,1790173700486656000,54.581728,6.249864,12.29937,0.445158,19.102472,2,
243,243,0,1790173700522637000,44.598605,3.028424,11.639904,0.44606,15.237608,2,
244,244,0,1790173700554735000,48.598823,3.271026,11.443698,0.43627,15.249588,2,
245,245,0,1790173700590723000,44.587934,3.152566,11.557342,0.429597,15.243575,2,
246,246,0,1790173700622726000,48.857803,2.953839,11.785164,0.438784,15.276567,2,
247,247,0,1790173700654768000,48.059737,2.94221,11.422111,0.464192,14.933278,2,
248,248,0,1790173700690709000,44.442756,3.027401,11.43899,0.460849,15.029712,2,
249,249,0,1790173700722718000,48.837429,2.988718,11.723399,0.453662,15.257005,2,
250,250,0,1790173700754767000,47.913446,2.751515,11.437629,0.441734,14.752202,2,
251,251,0,1790173700790695000,44.536354,3.18734,11.462093,0.433906,15.185305,2,
252,252,0,1790173700822727000,49.050396,2.983204,11.936499,0.466211,15.481095,2,
253,253,0,1790173700890680000,49.225477,6.020245,12.020421,0.441639,18.590406,2,
254,254,0,1790173700954785000,53.54204,5.874414,12.586955,0.428841,18.987834,2,
255,255,0,1790173701054783000,51.682495,4.602494,11.336811,0.499089,16.579026,2,
256,256,0,1790173701158610000,47.733055,4.800208,11.467493,0.527025,16.91167,2,
257,257,0,1790173701190728000,49.123792,3.531095,11.435368,0.458774,15.547231,2,
258,258,0,1790173701222785000,47.969927,2.688184,11.689427,0.485843,14.950313,2,
259,259,0,1790173701258721000,43.90542,2.784425,11.3967,0.449544,14.758526,2,
260,260,0,1790173701290717000,48.618267,3.178587,11.274842,0.443299,15.001168,2,
261,261,0,1790173701322728000,48.639624,2.944638,11.823089,0.432778,15.290651,2,
262,262,0,1790173701358710000,45.229326,3.126174,12.38414,0.433481,16.0481,2,
263,263,0,1790173701390711000,48.408187,3.082866,11.246888,0.43839,14.874562,2,
264,264,0,1790173701422702000,48.772637,3.166409,11.688901,0.426677,15.381075,2,
265,265,0,1790173701458709000,44.014285,3.054911,11.266483,0.474005,14.926961,2,
266,266,0,1790173701490706000,48.700676,3.338386,11.190789,0.440535,15.087559,2,
267,267,0,1790173701558643000,49.624017,5.693948,12.527979,0.435112,18.756008,2,
268,268,0,1790173701590718000,48.461821,3.060063,11.313491,0.441705,14.937693,2,
269,269,0,1790173701622712000,48.943327,3.153543,11.873949,0.458892,15.586882,2,
270,270,0,1790173701658706000,44.303912,3.1327,11.479376,0.438058,15.161409,2,
271,271,0,1790173701690697000,48.553374,3.111431,11.286151,0.443693,14.948413,2,
272,272,0,1790173701726702000,44.573362,2.84405,11.766133,0.454278,15.152944,2,
273,273,0,1790173701758675000,48.807345,2.907642,11.773627,0.423897,15.209458,2,
274,274,0,1790173701790763000,48.468233,3.327873,11.294561,0.437076,15.169627,2,
275,275,0,1790173701826622000,44.850571,3.136393,11.751735,0.437377,15.422321,2,
276,276,0,1790173701858700000,48.822262,3.227291,11.487849,0.43596,15.247128,2,
277,277,0,1790173701890727000,48.444694,3.345122,11.354937,0.444588,15.250355,2,
278,278,0,1790173701926655000,44.559436,3.090855,11.58759,0.423028,15.190085,2,
279,279,0,1790173701958702000,48.58188,2.955663,11.563953,0.439247,15.05127,2,
280,280,0,1790173701990698000,48.433023,3.252764,11.283233,0.461136,15.099759,2,
281,281,0,1790173702026624000,44.868681,3.093978,11.858322,0.424456,15.479891,2,
282,282,0,1790173702058691000,48.438409,2.876167,11.412745,0.447884,14.83342,2,
283,283,0,1790173702090738000,48.419404,3.304938,11.304551,0.443128,15.163289,2,
284,284,0,1790173702126680000,44.700826,3.146719,11.70556,0.432896,15.375693,2,
285,285,0,1790173702158689000,48.667916,2.898314,11.661202,0.420912,15.078824,2,
286,286,0,1790173702190739000,48.402274,3.289865,11.2808,0.437868,15.115628,2,
287,287,0,1790173702226707000,44.61457,3.038706,11.726514,0.425949,15.283865,2,
288,288,0,1790173702258614000,48.732063,3.387325,11.539198,0.424455,15.448697,2,
289,289,0,1790173702294695000,44.278132,3.260772,11.198165,0.46548,15.036612,2,
290,290,0,1790173702326694000,49.023905,2.942538,11.950415,0.479963,15.469702,2,
291,291,0,1790173702358733000,48.405927,3.295209,11.207591,0.474941,15.08473,2,
292,292,0,1790173702394696000,44.404089,3.292913,11.196072,0.460056,15.051442,2,
293,293,0,1790173702426691000,48.871761,2.936657,11.782905,0.433462,15.300268,2,
294,294,0,1790173702494733000,47.612068,5.179013,11.532241,0.437113,17.255119,2,
295,295,0,1790173702526677000,48.87976,2.988683,11.674046,0.470232,15.254101,2,
296,296,0,1790173702894686000,51.622075,4.979706,11.369231,0.519904,16.973681,2,
297,297,0,1790173702926686000,48.879173,3.15869,11.823783,0.462741,15.551636,2,
298,298,0,1790173702962679000,44.385811,2.887669,11.640317,0.443655,15.064542,2,
299,299,0,1790173702994671000,48.606643,3.564863,11.040042,0.432019,15.143639,2,
300,300,0,1790173703026661000,49.271039,3.149919,12.110743,0.463228,15.823748,2,
301,301,0,1790173703062573000,44.514541,3.090164,11.46508,0.475422,15.122593,2,
302,302,0,1790173703094671000,48.434886,3.082473,11.30939,0.443001,14.942803,2,
303,303,0,1790173703126658000,49.077186,3.165416,11.962273,0.472552,15.70339,2,
304,304,0,1790173703162670000,43.854278,2.737979,11.200555,0.495403,14.527964,2,
305,305,0,1790173703194676000,48.562844,3.178179,11.272887,0.44025,14.997092,2,
306,306,0,1790173703226663000,48.560563,2.906192,11.715647,0.42849,15.152126,2,
307,307,0,1790173703262667000,44.368018,3.135778,11.333264,0.463775,15.037304,2,
308,308,0,1790173703294671000,48.196829,3.046911,11.350428,0.49608,15.002329,2,
309,309,0,1790173703326592000,48.68783,2.783173,11.890302,0.433868,15.206775,2,
310,310,0,1790173703362571000,44.471498,3.142529,11.323208,0.448528,15.012348,2,
311,311,0,1790173703394653000,48.521702,3.267889,11.47191,0.439509,15.284389,2,
312,312,0,1790173703430667000,44.55893,3.109237,11.592878,0.432748,15.234903,2,
313,313,0,1790173703594706000,53.564127,5.771114,12.613769,0.427672,18.908443,2,
314,314,0,1790173703694725000,52.342555,5.570899,11.781037,0.479796,17.926445,2,
315,315,0,1790173703730585000,44.674629,2.860093,11.9365,0.43268,15.327368,2,
316,316,0,1790173703762645000,48.479704,3.026089,11.32198,0.436979,14.882647,2,
317,317,0,1790173703862704000,54.39932,6.368862,12.599622,0.429447,19.525938,2,
318,318,0,1790173704162717000,53.309163,5.963546,12.188301,0.423435,18.678879,2,
319,319,0,1790173704262699000,53.634178,6.090041,12.038109,0.430963,18.663667,2,
320,320,0,1790173704498689000,47.796271,5.130022,11.601321,0.661201,17.539583,2,
321,321,0,1790173704530580000,49.131404,3.181886,11.779268,0.440884,15.506,2,
322,322,0,1790173704598688000,49.184753,5.936481,12.503732,0.435378,18.975796,2,
323,323,0,1790173704630653000,49.013589,3.15261,11.797065,0.473977,15.531829,2,
324,324,0,1790173704698645000,53.345585,5.605716,12.628985,0.423142,18.754552,2,
325,325,0,1790173704766640000,50.021586,5.902797,12.154205,0.434596,18.598366,2,
326,326,0,1790173705066623000,47.158175,4.370039,11.475476,0.435591,16.388796,2,
327,327,0,1790173705266620000,54.905146,6.992271,12.246216,0.428381,19.763554,2,
328,328,0,1790173705334620000,48.834548,5.636631,11.779779,0.426164,17.964695,2,
329,329,0,1790173705434688000,50.345289,6.376622,12.753385,0.422449,19.658919,2,
330,330,0,1790173705566580000,52.865711,5.022679,11.573531,0.422856,17.123962,2,
331,331,0,1790173705666597000,55.938343,6.621278,13.088578,0.426945,20.256718,2,
332,332,0,1790173705834678000,52.165375,4.664822,11.197249,0.648187,16.625561,2,
333,333,0,1790173705866578000,48.410755,3.120094,11.355515,0.457262,15.034831,2,
334,334,0,1790173705902587000,44.385128,3.152311,11.345021,0.439367,15.033,2,
335,335,0,1790173705934566000,48.593162,3.39681,11.299956,0.43904,15.24223,2,
336,336,0,1790173705966492000,49.019156,3.102954,11.896203,0.443864,15.546576,2,
337,337,0,1790173706002586000,44.37059,3.070107,11.415873,0.474051,15.05649,2,
338,338,0,1790173706034606000,48.599391,3.384227,11.268719,0.438846,15.195868,2,
339,339,0,1790173706066500000,48.240365,2.71674,11.474672,0.458883,14.763408,2,
340,340,0,1790173706102600000,44.441454,3.092325,11.454544,0.447844,15.090486,2,
341,341,0,1790173706134616000,48.543312,3.341383,11.204739,0.444994,15.105403,2,
342,342,0,1790173706166596000,48.389356,3.099585,11.331995,0.465793,15.002241,2,
343,343,0,1790173706202604000,43.848084,2.732508,11.356385,0.466899,14.680326,2,
344,344,0,1790173706234609000,48.55604,3.167955,11.283977,0.445684,15.007969,2,
345,345,0,1790173706266601000,48.396287,3.076652,11.380785,0.465677,15.029196,2,
346,346,0,1790173706302602000,44.302023,3.126904,11.300936,0.459538,14.981997,2,
347,347,0,1790173706334609000,49.596029,4.244161,11.441491,0.427223,16.220733,2,
348,348,0,1790173706370525000,44.481473,3.233436,11.382445,0.433707,15.156568,2,
349,349,0,1790173706402602000,48.625911,3.357381,11.343832,0.43746,15.242292,2,
350,350,0,1790173706434541000,48.152661,3.051794,11.298715,0.469762,14.937346,2,
351,351,0,1790173706470522000,44.596028,3.139368,11.493632,0.442733,15.181996,2,
352,352,0,1790173706502608000,48.430245,3.154137,11.442356,0.442121,15.142298,2,
353,353,0,1790173706534570000,48.008285,3.25028,10.987102,0.443039,14.822618,2,
354,354,0,1790173706570523000,44.262272,2.932006,11.446641,0.470293,14.95717,2,
355,355,0,1790173706602602000,48.985262,3.119866,11.622903,0.459675,15.299767,2,
356,356,0,1790173706634665000,48.270348,3.347931,11.171864,0.480536,15.105837,2,
357,357,0,1790173706670471000,44.178883,2.720915,11.386287,0.460663,14.675532,2,
358,358,0,1790173706702603000,48.944993,3.133004,11.611836,0.434782,15.273207,2,
359,359,0,1790173706734660000,48.323177,3.149259,11.438179,0.47525,15.177507,2,
360,360,0,1790173706770514000,44.361831,3.12489,11.254047,0.46211,14.947669,2,
361,361,0,1790173706802602000,48.880684,3.060713,11.602971,0.455705,15.226088,2,
362,362,0,1790173706834639000,48.497289,3.566034,11.27394,0.434557,15.380371,2,
363,363,0,1790173706870501000,44.519766,3.136004,11.385088,0.437096,15.062269,2,
364,364,0,1790173706902593000,48.683385,2.927911,11.633194,0.426793,15.080251,2,
365,365,0,1790173706938575000,44.927007,3.572382,11.650736,0.423389,15.760401,2,
366,366,0,1790173706970546000,48.732794,3.141238,11.384994,0.429059,15.054061,2,
367,367,0,1790173707002651000,47.926123,2.893559,11.392816,0.438562,14.824469,2,
368,368,0,1790173707038590000,44.462429,3.291743,11.260908,0.439719,15.101486,2,
369,369,0,1790173707070508000,48.813048,3.152674,11.446191,0.4345,15.131558,2,
370,370,0,1790173707102655000,48.57061,3.1164,11.668288,0.42661,15.304836,2,
371,371,0,1790173707138588000,44.687296,3.489069,11.30357,0.435478,15.336884,2,
372,372,0,1790173707170529000,48.827598,3.188262,11.511363,0.427702,15.221538,2,
373,373,0,1790173707202653000,48.470894,3.107324,11.669515,0.431993,15.302924,2,
374,374,0,1790173707238588000,44.218401,2.961522,11.291268,0.469912,14.838214,2,
375,375,0,1790173707270529000,49.069437,3.311396,11.614686,0.427639,15.449372,2,
376,376,0,1790173707302646000,48.239815,2.806275,11.586599,0.465166,14.95085,2,
377,377,0,1790173707338585000,44.524379,3.421893,11.219075,0.471921,15.223789,2,
378,378,0,1790173707370535000,48.730914,3.0871,11.563549,0.421015,15.165925,2,
379,379,0,1790173707438631000,49.256856,5.534766,11.728483,0.431282,17.794526,2,
380,380,0,1790173707470539000,48.912676,3.508976,11.449625,0.425668,15.487974,2,
381,381,0,1790173707506578000,44.495209,2.968331,11.699754,0.432518,15.194489,2,
382,382,0,1790173707538587000,48.101831,2.751594,11.423744,0.66605,14.967755,2,
383,383,0,1790173707570478000,48.653358,3.285118,11.473706,0.424021,15.277211,2,
384,384,0,1790173707606591000,44.549483,3.128304,11.630807,0.430322,15.282716,2,
385,385,0,1790173707638583000,48.530748,3.270973,11.385512,0.665715,15.413233,2,
386,386,0,1790173707670474000,48.502398,3.456518,11.191436,0.447893,15.18846,2,
387,387,0,1790173707706508000,44.444164,2.805766,11.613534,0.469572,14.980193,2,
388,388,0,1790173707738528000,48.855212,2.976979,11.880445,0.430227,15.382926,2,
389,389,0,1790173707770472000,49.065498,3.446856,11.577426,0.432135,15.551195,2,
390,390,0,1790173707806585000,44.197753,2.742093,11.587959,0.440387,14.869579,2,
391,391,0,1790173707838569000,48.738859,3.264502,11.645424,0.424003,15.426298,2,
392,392,0,1790173707870508000,48.960632,3.397376,11.601072,0.430519,15.531458,2,
393,393,0,1790173707906560000,44.516462,3.079632,11.582718,0.430214,15.191617,2,
394,394,0,1790173707938555000,48.702014,3.160596,11.581928,0.445808,15.281861,2,
395,395,0,1790173707970508000,48.863374,3.400507,11.551814,0.420913,15.465605,2,
396,396,0,1790173708006583000,44.365395,3.13187,11.338731,0.467728,15.03733,2,
397,397,0,1790173708038565000,48.385874,2.980771,11.449736,0.472385,15.002395,2,
398,398,0,1790173708074596000,44.714626,3.359231,11.484886,0.42102,15.358927,2,
399,399,0,1790173708106574000,44.193266,3.058552,11.246187,0.436769,14.848332,2,
400,400,0,1790173708138562000,48.404083,2.974323,11.418267,0.443406,14.933078,2,
401,401,0,1790173708174577000,44.50162,2.98066,11.538958,0.438219,15.047841,2,
402,402,0,1790173708206559000,48.861318,3.000266,11.584431,0.436934,15.130582,2,
403,403,0,1790173708238608000,50.197234,4.965698,11.569351,0.422427,17.058515,2,
404,404,0,1790173708274521000,44.912915,3.402029,11.509815,0.43132,15.441084,2,
405,405,0,1790173708306514000,48.902859,3.028143,11.601019,0.429906,15.165626,2,
406,406,0,1790173708474607000,50.216082,6.112026,12.379069,0.436339,19.029919,2,
407,407,0,1790173708574604000,50.098582,6.387091,12.327387,0.426509,19.242191,2,
408,408,0,1790173708642593000,47.614579,5.004435,11.619947,0.421418,17.146065,2,
409,409,0,1790173708806556000,54.909121,6.632096,12.196621,0.435615,19.413246,2,
410,410,0,1790173708874561000,53.47947,5.77708,12.447307,0.432006,18.754074,2,
411,411,0,1790173708942595000,49.209586,5.897281,12.199379,0.436467,18.63506,2,
412,412,0,1790173709006537000,54.364654,5.895905,11.770572,0.430645,18.207599,2,
413,413,0,1790173709274594000,53.58717,5.648057,12.49014,0.423191,18.660824,2,
414,414,0,1790173709410587000,51.703527,6.585996,12.834939,0.432319,19.958023,2,
415,415,0,1790173709474581000,54.149974,6.061165,12.83065,0.442133,19.433929,2,
416,416,0,1790173709674605000,56.290617,6.063011,14.38977,0.42243,20.975922,2,
417,417,0,1790173709774599000,53.549007,5.829953,13.02031,0.422345,19.370758,2,
418,418,0,1790173709878639000,51.320386,6.449292,12.615898,0.45109,19.615385,2,
419,419,0,1790173709978608000,49.478115,5.86936,12.211269,0.421331,18.602992,2,
420,420,0,1790173710010502000,48.630333,3.141815,11.447792,0.434041,15.12932,2,
421,421,0,1790173710042589000,48.250078,3.001891,11.412075,0.452779,14.970806,2,
422,422,0,1790173710078524000,44.365293,3.096214,11.502354,0.450524,15.150028,2,
423,423,0,1790173710110511000,49.04133,3.299264,11.815133,0.435554,15.652461,2,
424,424,0,1790173710142491000,48.313742,2.762029,11.513667,0.483563,14.867218,2,
425,425,0,1790173710178524000,44.346402,2.783886,11.744195,0.455179,15.084484,2,
426,426,0,1790173710210512000,49.209478,3.326917,11.634848,0.428408,15.496478,2,
427,427,0,1790173710242589000,48.339913,3.109595,11.2926,0.467058,14.974161,2,
428,428,0,1790173710278525000,44.449617,3.116952,11.59682,0.436715,15.248723,2,
429,429,0,1790173710310492000,48.841313,3.178249,11.408029,0.431012,15.123247,2,
430,430,0,1790173710342555000,48.579361,3.187895,11.55391,0.434088,15.280534,2,
431,431,0,1790173710378506000,44.148153,2.669791,11.743808,0.470011,14.982681,2,
432,432,0,1790173710410528000,48.986063,3.240736,11.549139,0.432844,15.323023,2,
433,433,0,1790173710446422000,44.187203,2.753948,11.331504,0.457221,14.659302,2,
434,434,0,1790173710478504000,49.190816,2.940625,12.108515,0.489035,15.632555,2,
435,435,0,1790173710510519000,48.513222,3.006595,11.670767,0.43414,15.214692,2,
436,436,0,1790173710546443000,43.987574,2.674335,11.599788,0.436611,14.816966,2,
437,437,0,1790173710578457000,49.229836,3.128656,11.837421,0.438098,15.500061,2,
438,438,0,1790173710610578000,48.386466,2.963732,11.614962,0.422447,15.105317,2,
439,439,0,1790173710646451000,44.229989,2.685747,11.474454,0.465038,14.737493,2,
440,440,0,1790173710678488000,49.210736,2.850708,12.181715,0.423652,15.548625,2,
441,441,0,1790173710710573000,48.525172,3.120528,11.493884,0.433665,15.151084,2,
442,442,0,1790173710746369000,44.776662,3.136,11.487428,0.43065,15.15847,2,
443,443,0,1790173710778519000,49.289776,2.91527,12.19256,0.433,15.637352,2,
444,444,0,1790173710810528000,48.567786,3.019002,11.604023,0.442465,15.16602,2,
445,445,0,1790173710846425000,44.27113,2.728408,11.436546,0.470381,14.746519,2,
446,446,0,1790173710878507000,49.354309,3.147278,11.950118,0.46378,15.658685,2,
447,447,0,1790173710910538000,48.707679,3.110033,11.630206,0.430132,15.270751,2,
448,448,0,1790173710946429000,44.902717,3.294698,11.559688,0.423639,15.379454,2,
449,449,0,1790173710978501000,48.837884,2.91923,11.709938,0.500504,15.226993,2,
450,450,0,1790173711014503000,44.438496,2.926369,11.49191,0.447128,14.970992,2,
451,451,0,1790173711046424000,48.720689,2.943648,11.451209,0.433517,14.937012,2,
452,452,0,1790173711078555000,48.548571,2.814017,11.798777,0.434965,15.143155,2,
453,453,0,1790173711114505000,44.590611,3.064138,11.587323,0.422516,15.175814,2,
454,454,0,1790173711146449000,48.929456,3.00421,11.682462,0.435622,15.227795,2,
455,455,0,1790173711178535000,49.162001,3.139259,12.183795,0.444158,15.863147,2,
456,456,0,1790173711214472000,44.569513,3.445347,11.250079,0.432776,15.233393,2,
457,457,0,1790173711246456000,48.565494,2.923219,11.4156,0.440034,14.883285,2,
458,458,0,1790173711278543000,49.007148,3.148069,12.040153,0.42986,15.709455,2,
459,459,0,1790173711314470000,44.290727,2.956981,11.438546,0.451602,14.948317,2,
460,460,0,1790173711346496000,48.638611,2.940543,11.463315,0.569225,15.068923,2,
461,461,0,1790173711378541000,48.610757,2.751634,12.115743,0.438449,15.39892,2,
462,462,0,1790173711414490000,44.635424,3.347207,11.422368,0.426661,15.299835,2,
463,463,0,1790173711446472000,48.892028,3.002904,11.681275,0.429891,15.21759,2,
464,464,0,1790173711478525000,48.478008,2.719779,11.865742,0.450938,15.136298,2,
465,465,0,1790173711514470000,44.455922,3.119708,11.426178,0.459586,15.11172,2,
466,466,0,1790173711546433000,48.656171,2.988283,11.48125,0.427061,15.001624,2,
467,467,0,1790173711582482000,45.500947,3.303508,12.562573,0.420571,16.381113,2,
468,468,0,1790173711614378000,48.746668,3.238494,11.521429,0.428194,15.296857,2,
469,469,0,1790173711646397000,48.375617,2.809041,11.560036,0.444373,14.914931,2,
470,470,0,1790173711682485000,44.988065,3.114495,11.992193,0.4261,15.634607,2,
471,471,0,1790173711714498000,48.650218,3.021584,11.60858,0.426104,15.159938,2,
472,472,0,1790173711746492000,49.140159,2.989287,12.249486,0.432303,15.777688,2,
473,473,0,1790173711782464000,45.233351,2.860652,12.566014,0.460977,15.98703,2,
474,474,0,1790173711814484000,48.574934,2.933815,11.746275,0.435915,15.220149,2,
475,475,0,1790173711846409000,48.272719,2.84504,11.370973,0.472951,14.812119,2,
476,476,0,1790173711882480000,45.011448,3.056845,12.066451,0.425057,15.65403,2,
477,477,0,1790173711914482000,49.101923,3.547135,11.552975,0.46538,15.670373,2,
478,478,0,1790173711946406000,48.516667,3.111231,11.422413,0.446768,15.092412,2,
479,479,0,1790173711982483000,45.167176,3.132882,12.124179,0.463958,15.81908,2,
480,480,0,1790173712014488000,48.398275,2.936424,11.494283,0.471911,15.007668,2,
481,481,0,1790173712046467000,48.515155,3.0631,11.509317,0.433796,15.111591,2,
482,482,0,1790173712082478000,44.744091,2.879498,12.017172,0.431581,15.433249,2,
483,483,0,1790173712114487000,48.421855,2.996545,11.509873,0.443014,15.053435,2,
484,484,0,1790173712150456000,44.289938,2.859953,11.418645,0.468246,14.847389,2,
485,485,0,1790173712182479000,45.032982,3.120183,12.010143,0.426587,15.655757,2,
486,486,0,1790173712214489000,48.399447,2.936224,11.527549,0.470631,15.050041,2,
487,487,0,1790173712250473000,44.372901,2.95289,11.489128,0.468011,15.012783,2,
488,488,0,1790173712282479000,49.082086,3.190332,11.729286,0.435837,15.454387,2,
489,489,0,1790173712314524000,48.040588,2.824061,11.51037,0.463689,14.912223,2,
490,490,0,1790173712350464000,44.355712,2.926377,11.306138,0.506341,14.885486,2,
491,491,0,1790173712382426000,49.459808,3.125362,11.971845,0.435121,15.634806,2,
492,492,0,1790173712414521000,48.320166,3.080718,11.424691,0.476878,15.084214,2,
493,493,0,1790173712450490000,44.619036,3.112045,11.681224,0.426979,15.322036,2,
494,494,0,1790173712482484000,49.029465,3.083208,11.808656,0.425422,15.438533,2,
495,495,0,1790173712514522000,48.241204,3.151367,11.396682,0.443214,15.094444,2,
496,496,0,1790173712550471000,44.291459,3.001397,11.378696,0.44437,14.927241,2,
497,497,0,1790173712582480000,49.759625,3.557862,12.229047,0.439128,16.328398,2,
498,498,0,1790173712614533000,47.789092,2.657534,11.585629,0.435896,14.786629,2,
499,499,0,1790173712650371000,44.773206,3.128098,11.599308,0.432055,15.265181,2,
500,500,0,1790173712682474000,49.173196,3.056444,11.987101,0.498385,15.641491,2,
501,501,0,1790173712718453000,44.357406,3.253914,11.361233,0.458667,15.189734,2,
502,502,0,1790173712750471000,44.613379,3.12486,11.621678,0.439662,15.289759,2,
503,503,0,1790173712782469000,49.174003,3.053777,11.999991,0.43902,15.591325,2,
504,504,0,1790173712882535000,54.030099,6.125467,12.595066,0.490725,19.318234,2,
505,505,0,1790173712950415000,54.532097,6.352479,12.137974,0.447774,19.040031,2,
506,506,0,1790173713018463000,50.728047,6.463639,12.325393,0.430623,19.316361,2,
507,507,0,1790173713050412000,48.354813,3.013417,11.244291,0.456316,14.819783,2,
508,508,0,1790173713082524000,49.063967,3.123077,12.147851,0.426468,15.796805,2,
509,509,0,1790173713118467000,44.183722,3.071659,11.472824,0.469875,15.127216,2,
510,510,0,1790173713150465000,48.491402,3.168628,11.189398,0.45714,14.926744,2,
511,511,0,1790173713182524000,49.302714,3.282532,12.229115,0.433691,16.048701,2,
512,512,0,1790173713218465000,44.33983,3.091949,11.509289,0.466788,15.17814,2,
513,513,0,1790173713250477000,48.598843,3.125622,11.351468,0.436577,15.018511,2,
514,514,0,1790173713282503000,48.545834,3.023789,11.597193,0.434076,15.156857,2,
515,515,0,1790173713318465000,44.131517,2.910337,11.479379,0.475877,14.973659,2,
516,516,0,1790173713350452000,48.588367,3.137399,11.324946,0.438129,14.998915,2,
517,517,0,1790173713386415000,45.196638,3.155281,11.996139,0.447527,15.708494,2,
518,518,0,1790173713418476000,48.981313,3.215072,11.679115,0.48658,15.50719,2,
519,519,0,1790173713450447000,48.597905,3.443399,11.195452,0.447698,15.210785,2,
520,520,0,1790173713486438000,45.166612,3.064196,12.193111,0.474251,15.838984,2,
521,521,0,1790173713586408000,50.38499,6.23176,12.53193,0.436807,19.308326,2,
522,522,0,1790173713718445000,52.499073,5.053195,11.661842,0.536527,17.347937,2,
523,523,0,1790173713786458000,50.081048,5.925718,12.381241,0.432232,18.846793,2,
524,524,0,1790173713986462000,52.127054,4.701304,11.308929,0.497083,16.611456,2,
525,525,0,1790173714054493000,49.776403,6.345826,11.736808,0.459894,18.647964,2,
526,526,0,1790173714118489000,53.425926,5.676505,12.495081,0.41323,18.681731,2,
527,527,0,1790173714286445000,54.335564,6.554637,11.569808,0.441298,18.675888,2,
528,528,0,1790173714454502000,47.961406,4.691794,11.346024,0.447377,16.591937,2,
529,529,0,1790173714554497000,56.461152,6.826265,13.029459,0.42248,20.381053,2,
530,530,0,1790173714622478000,49.237251,5.674854,12.138655,0.445883,18.394416,2,
531,531,0,1790173714686385000,53.172186,5.857048,11.845006,0.469495,18.283123,2,
532,532,0,1790173714786432000,52.325497,4.903625,11.220231,0.445104,16.686115,2,
533,533,0,1790173714822427000,44.433186,2.911226,11.658116,0.469773,15.131228,2,
534,534,0,1790173714854426000,48.687258,3.290257,11.418196,0.434894,15.241943,2,
535,535,0,1790173714886430000,48.535539,3.232696,11.449165,0.437455,15.227582,2,
536,536,0,1790173714922419000,44.481637,3.1068,11.527579,0.460461,15.187028,2,
537,537,0,1790173714954394000,48.445081,3.21086,11.291493,0.440612,15.04083,2,
538,538,0,1790173714986433000,48.271277,2.855729,11.50967,0.46121,14.934855,2,
539,539,0,1790173715022421000,44.782438,2.744653,12.247851,0.427889,15.53205,2,
540,540,0,1790173715054412000,48.214132,3.039244,11.386135,0.460523,14.987682,2,
541,541,0,1790173715090430000,44.047744,3.139604,11.218751,0.459836,14.931413,2,
542,542,0,1790173715122417000,48.582795,2.999388,11.496477,0.443471,15.033095,2,
543,543,0,1790173715154484000,48.017442,3.126548,11.276227,0.459768,14.983472,2,
544,544,0,1790173715190424000,44.251457,3.160273,11.394676,0.463645,15.125695,2,
545,545,0,1790173715222418000,48.589419,3.027183,11.45763,0.432449,15.009783,2,
546,546,0,1790173715254495000,47.766862,2.967932,11.273252,0.443402,14.795158,2,
547,547,0,1790173715354479000,52.527783,5.390625,11.667022,0.500347,17.654147,2,
548,548,0,1790173715454481000,53.328184,5.735773,11.814685,0.427583,18.104239,2,
549,549,0,1790173715554482000,53.744288,5.950559,12.803456,0.42774,19.278543,2,
550,550,0,1790173715658477000,50.159991,6.187306,12.678606,0.43491,19.398163,2,
551,551,0,1790173715822429000,51.400191,4.230936,12.056476,0.428827,16.816274,2,
552,552,0,1790173715958404000,52.140327,6.902732,12.463288,0.465621,19.93589,2,
553,553,0,1790173716058442000,47.847539,3.787593,11.473578,0.531619,15.897084,2,
554,554,0,1790173716122468000,53.542879,5.894497,12.758555,0.430226,19.185887,2,
555,555,0,1790173716158405000,43.95454,2.893306,11.495888,0.43969,14.964201,2,
556,556,0,1790173716190399000,48.672727,3.536804,11.230148,0.436889,15.316229,2,
557,557,0,1790173716258390000,53.419021,5.671402,12.126893,0.434417,18.336238,2,
558,558,0,1790173716326341000,52.128223,5.971831,14.160663,0.447046,20.699827,2,
559,559,0,1790173716426400000,48.246029,4.987586,12.014565,0.454244,17.56225,2,
560,560,0,1790173716626333000,48.541824,4.659363,12.14135,0.531992,17.432761,2,
561,561,0,1790173716758454000,53.705745,5.649708,12.95977,0.461734,19.173534,2,
562,562,0,1790173717158396000,51.914865,5.071581,11.537312,0.434617,17.168998,2,
563,563,0,1790173717494436000,51.475015,5.125405,11.399656,0.461705,17.160385,2,
564,564,0,1790173717562411000,49.05984,5.481775,12.106979,0.426757,18.129761,2,
565,565,0,1790173717594247000,48.416919,3.152765,11.351821,0.455973,15.06655,2,
566,566,0,1790173717626355000,48.216988,3.107999,11.422781,0.457424,15.083871,2,
567,567,0,1790173717662359000,43.760873,2.63392,11.404599,0.448194,14.608537,2,
568,568,0,1790173717694377000,48.269067,3.113549,11.42073,0.471635,15.114692,2,
569,569,0,1790173717726290000,48.279809,3.056192,11.429571,0.471815,15.061963,2,
570,570,0,1790173717762371000,44.120577,2.735109,11.492378,0.516393,14.875002,2,
571,571,0,1790173717794363000,48.49205,3.393978,11.333639,0.439275,15.280531,2,
572,572,0,1790173717862412000,49.874036,5.892151,12.244983,0.431562,18.676254,2,
573,573,0,1790173717894273000,48.499696,3.1364,11.405897,0.475837,15.124664,2,
574,574,0,1790173717962424000,52.452201,6.75473,14.229434,0.443341,21.536684,2,
575,575,0,1790173717994275000,48.01497,2.852737,11.486344,0.428472,14.901485,2,
576,576,0,1790173718062423000,55.149894,5.854519,12.566088,0.472816,19.033327,2,
577,577,0,1790173718294400000,52.421027,5.53499,11.726675,0.494246,17.855147,2,
578,578,0,1790173718394423000,53.823933,6.22639,12.718102,0.424259,19.4661,2,
579,579,0,1790173718494452000,52.545678,5.536971,11.746039,0.554744,17.939084,2,
580,580,0,1790173718530354000,44.740282,3.099598,11.836321,0.423943,15.461636,2,
581,581,0,1790173718562338000,48.617856,2.950109,11.600818,0.429748,15.081963,2,
582,582,0,1790173718798410000,49.87646,5.898577,12.724893,0.434764,19.16059,2,
583,583,0,1790173718830335000,49.539603,3.87248,11.808943,0.429669,16.216159,2,
584,584,0,1790173718862337000,49.411336,3.023561,12.528689,0.428085,16.083379,2,
585,585,0,1790173718898337000,43.93898,2.912655,11.296674,0.440474,14.779849,2,
586,586,0,1790173718930326000,49.171091,3.138384,11.895537,0.420336,15.567555,2,
587,587,0,1790173718962407000,49.191772,3.133046,12.255521,0.439823,15.929495,2,
588,588,0,1790173718998344000,43.751185,2.929449,11.212477,0.432024,14.681264,2,
589,589,0,1790173719030337000,49.179559,3.17085,11.847184,0.437575,15.559949,2,
590,590,0,1790173719062385000,48.763083,3.102735,11.778205,0.447999,15.439518,2,
591,591,0,1790173719366310000,47.600864,4.710877,11.363759,0.449018,16.631973,2,
592,592,0,1790173719866324000,53.196277,5.435002,12.755243,0.526945,18.8868,2,
593,593,0,1790173720166345000,52.593273,5.126861,11.596047,0.422365,17.240293,2,
594,594,0,1790173720266310000,54.581547,6.035056,13.157348,0.471977,19.756399,2,
595,595,0,1790173720334375000,54.410005,6.330324,12.256426,0.435965,19.125415,2,
596,596,0,1790173720434376000,54.143441,6.144051,12.63967,0.432734,19.314797,2,
597,597,0,1790173720734355000,53.952467,6.220903,12.284353,0.41816,19.026249,2,
598,598,0,1790173720834356000,52.024451,4.690972,11.347834,0.537079,16.717492,2,
599,599,0,1790173720934174000,54.683362,6.055007,12.291278,0.436376,18.883537,2,
600,600,0,1790173721034316000,54.208072,5.862679,12.703508,0.428442,19.099835,2,
601,601,0,1790173721070202000,44.607979,3.151042,11.504443,0.441086,15.203055,2,
602,602,0,1790173721102268000,48.438237,3.172076,11.338276,0.438065,15.051338,2,
603,603,0,1790173721134252000,48.265081,3.13506,11.268786,0.464298,14.993457,2,
604,604,0,1790173721170224000,44.637551,3.140539,11.460343,0.436472,15.139693,2,
605,605,0,1790173721202284000,48.425876,2.810401,11.525601,0.455521,14.889344,2,
606,606,0,1790173721234343000,48.198143,3.117249,11.361219,0.468564,15.055091,2,
607,607,0,1790173721270221000,44.491732,3.086568,11.429391,0.465761,15.083987,2,
608,608,0,1790173721302266000,48.59217,2.770374,11.677609,0.441216,14.982058,2,
609,609,0,1790173721334356000,47.759821,2.841949,11.222582,0.435852,14.605057,2,
610,610,0,1790173721370195000,44.47209,3.053412,11.420513,0.465005,15.04086,2,
611,611,0,1790173721402262000,48.192074,2.803329,11.34575,0.466844,14.721424,2,
612,612,0,1790173721438290000,44.321863,3.318925,11.280252,0.449092,15.15521,2,
613,613,0,1790173721470226000,48.91599,3.298854,11.457835,0.419502,15.27224,2,
614,614,0,1790173721502358000,48.210834,3.143577,11.310701,0.437594,14.991372,2,
615,615,0,1790173721538216000,44.023223,2.703486,11.543065,0.430696,14.811918,2,
616,616,0,1790173721638352000,48.190941,4.583581,11.559215,0.55086,16.813475,2,
617,617,0,1790173721838329000,47.927245,4.810171,11.380897,0.526854,16.843752,2,
618,618,0,1790173722038323000,47.35468,4.62029,11.346741,0.477368,16.555467,2,
619,619,0,1790173722138330000,53.611542,5.681969,13.200926,0.428602,19.41546,2,
620,620,0,1790173722206203000,48.573365,5.47149,11.725558,0.435648,17.736224,2,
621,621,0,1790173722306221000,47.536468,4.756218,11.365766,0.436858,16.663172,2,
622,622,0,1790173722438341000,50.796256,4.46886,11.501283,0.431413,16.50191,2,
623,623,0,1790173722538338000,53.137991,5.96182,12.429926,0.425979,18.92778,2,
624,624,0,1790173722638332000,50.964947,4.516397,11.559005,0.428873,16.631166,2,
625,625,0,1790173722738321000,53.279579,5.961401,12.426801,0.437741,18.923865,2,
626,626,0,1790173722974308000,48.033224,5.244122,12.00717,0.441532,17.796954,2,
627,627,0,1790173723038306000,51.917822,5.38427,11.762534,0.435511,17.706114,2,
628,628,0,1790173723138302000,51.198079,4.845075,11.47514,0.428104,16.862521,2,
629,629,0,1790173723242306000,47.352262,5.149191,11.556969,0.443774,17.24833,2,
630,630,0,1790173723342301000,46.497066,4.476378,11.439323,0.429881,16.445397,2,
631,631,0,1790173723406211000,54.93741,6.350684,12.205884,0.434481,19.097836,2,
632,632,0,1790173723542256000,47.926034,5.486803,11.560468,0.428583,17.604698,2,
633,633,0,1790173723642272000,46.883721,4.478009,11.442756,0.430081,16.45211,2,
634,634,0,1790173723742314000,49.550388,5.757183,12.984313,0.43212,19.274155,2,
635,635,0,1790173724010308000,47.887059,4.268683,11.678283,0.42762,16.482811,2,
636,636,0,1790173724174300000,51.974638,4.607386,11.666253,0.50163,16.890299,2,
637,637,0,1790173724274301000,54.975551,5.973069,13.971157,0.42856,20.4759,2,
638,638,0,1790173724578244000,49.609498,5.701804,12.672932,0.427057,18.901315,2,
639,639,0,1790173724678249000,49.636496,5.587408,12.022185,0.434942,18.144039,2,
640,640,0,1790173724778272000,49.457215,5.958108,12.211691,0.431259,18.699745,2,
641,641,0,1790173724878275000,51.231363,6.313987,13.624763,0.451623,20.496294,2,
642,642,0,1790173725046244000,48.188684,5.431996,11.637768,0.4359,17.619575,2,
643,643,0,1790173725310260000,54.933098,6.241085,12.632704,0.505632,19.506553,2,
644,644,0,1790173725914284000,48.056675,4.657774,11.44747,0.465731,16.686441,2,
645,645,0,1790173726014245000,52.295063,6.748221,12.743879,0.524049,20.112797,2,
646,646,0,1790173726146191000,52.285362,5.571181,11.676348,0.470491,17.834197,2,
647,647,0,1790173726282247000,47.281023,4.384378,11.588066,0.466062,16.542222,2,
648,648,0,1790173726446222000,51.035649,4.518812,11.447883,0.428751,16.505066,2,
649,649,0,1790173726514235000,54.972546,6.275155,12.392286,0.437461,19.203845,2,
650,650,0,1790173726614181000,51.652744,3.646925,11.57658,0.443642,15.798027,2,
651,651,0,1790173726814173000,51.953608,3.871933,11.599133,0.498101,16.088348,2,
652,652,0,1790173726914171000,56.431475,6.812369,12.874903,0.525531,20.318884,2,
653,653,0,1790173726982180000,53.062565,5.764393,11.977803,0.430686,18.315075,2,
654,654,0,1790173727282243000,50.131314,4.548222,11.179748,0.44052,16.272512,2,
655,655,0,1790173727418172000,49.615034,4.659752,12.289393,0.484458,17.525336,2,
656,656,0,1790173727518109000,48.305241,3.647913,11.849312,0.492122,16.13986,2,
657,657,0,1790173727618154000,51.945897,6.827882,12.449326,0.459551,19.861999,2,
658,658,0,1790173727718105000,51.239652,6.342525,11.967175,0.420162,18.830345,2,
659,659,0,1790173727818109000,52.580668,6.853084,12.786517,0.644851,20.378537,2,
660,660,0,1790173727918153000,49.048226,4.66847,11.634639,0.431638,16.85422,2,
661,661,0,1790173728018083000,51.10517,6.12167,11.993795,0.424692,18.64023,2,
662,662,0,1790173728150172000,58.73811,8.547204,14.316585,0.421721,23.390001,2,
663,663,0,1790173728486169000,51.677887,6.268717,13.984708,0.476094,20.837634,2,
664,664,0,1790173728554154000,51.142195,7.21557,12.180384,0.419108,19.919638,2,
665,665,0,1790173728654199000,53.441126,7.062718,14.798534,0.424127,22.391606,2,
666,666,0,1790173728754184000,52.483741,6.646152,14.221548,0.509167,21.471975,2,
667,667,0,1790173728854198000,49.612952,6.239114,11.988395,0.431119,18.761487,2,
668,668,0,1790173728954211000,50.550478,6.288509,12.006261,0.467114,18.872595,2,
669,669,0,1790173729054210000,50.27411,6.348898,12.050465,0.441511,18.96732,2,
670,670,0,1790173729154208000,51.727986,3.878216,11.51973,0.535013,16.054107,2,
671,671,0,1790173729254187000,55.509788,6.5931,12.622795,0.452695,19.769606,2,
672,672,0,1790173729322149000,47.558205,4.871558,11.722649,0.428629,17.145792,2,
673,673,0,1790173729386142000,53.953925,5.875188,11.764997,0.431654,18.180629,2,
674,674,0,1790173729422135000,44.13412,2.975187,11.407886,0.531637,15.029616,2,
675,675,0,1790173729486132000,53.232377,5.764979,11.66918,0.437341,17.980499,2,
676,676,0,1790173729554176000,54.180305,5.997775,12.039625,0.423437,18.557778,2,
677,677,0,1790173729654135000,54.669417,6.214856,12.042888,0.434576,18.789815,2,
678,678,0,1790173729754164000,57.012964,6.293438,14.238549,0.417658,21.051832,2,
679,679,0,1790173729854180000,54.785613,6.474186,12.561994,0.491772,19.637686,2,
680,680,0,1790173729890038000,44.110245,3.063872,11.338666,0.456415,14.9659,2,
681,681,0,1790173729922124000,49.926625,3.066392,12.465071,0.427138,16.053688,2,
682,682,0,1790173729954184000,48.023834,3.095761,11.257521,0.469866,14.94176,2,
683,683,0,1790173730022164000,54.089497,5.850797,13.248057,0.426688,19.626999,2,
684,684,0,1790173730090171000,49.909035,5.994497,12.309344,0.437694,18.852603,2,
685,685,0,1790173730122027000,48.394962,2.72799,11.483498,0.447319,14.764633,2,
686,686,0,1790173730158112000,43.743517,2.863645,11.228763,0.440227,14.641313,2,
687,687,0,1790173730190114000,44.417652,3.277354,11.521326,0.469167,15.370651,2,
688,688,0,1790173730222122000,48.666778,3.22222,11.501232,0.452837,15.266723,2,
689,689,0,1790173730258059000,44.498226,3.158718,11.317122,0.476669,15.061814,2,
690,690,0,1790173730290117000,44.433861,3.271284,11.473876,0.468991,15.318706,2,
691,691,0,1790173730322120000,49.092051,3.273501,11.683148,0.424169,15.47593,2,
692,692,0,1790173730358124000,44.355559,3.126224,11.428865,0.455387,15.120381,2,
693,693,0,1790173730390041000,44.212431,3.186423,11.194874,0.458228,14.948375,2,
694,694,0,1790173730422109000,49.137632,3.464014,11.650825,0.429381,15.634128,2,
695,695,0,1790173730758149000,48.915436,4.90064,11.651173,0.452417,17.098159,2,
696,696,0,1790173730858135000,51.400312,6.820595,12.519816,0.429712,19.871221,2,
697,697,0,1790173730958062000,50.616333,6.213754,12.015926,0.446699,18.775736,2,
698,698,0,1790173731626069000,51.984174,4.684324,12.246154,0.433785,17.473275,2,
699,699,0,1790173731894152000,48.360061,5.710026,11.939102,0.449723,18.211433,2,
700,700,0,1790173731994151000,49.061177,5.787373,12.64828,0.439377,18.984828,2,
701,701,0,1790173732094147000,47.781542,5.392919,11.420232,0.456932,17.380649,2,
702,702,0,1790173732194146000,54.138912,6.377854,12.823274,0.427966,19.726814,2,
703,703,0,1790173732294126000,53.077187,5.389095,13.090889,0.557887,19.143197,2,
704,704,0,1790173732426026000,48.157554,2.673966,11.70856,0.465838,14.963239,2,
705,705,0,1790173732994128000,49.033199,3.973753,11.378248,0.439452,15.89855,2,
706,706,0,1790173733062097000,52.858823,5.520303,11.543001,0.430827,17.601085,2,
707,707,0,1790173733097970000,43.64994,2.623682,11.387393,0.463211,14.58925,2,
708,708,0,1790173733162122000,52.360804,5.256051,11.895895,0.429052,17.721288,2,
709,709,0,1790173733198059000,43.938453,2.997306,11.248494,0.434215,14.813632,2,
710,710,0,1790173733330107000,53.252312,5.659507,12.691436,0.439626,18.896865,2,
711,711,0,1790173733398057000,49.136727,5.970781,12.244711,0.431072,18.743645,2,
712,712,0,1790173733430046000,48.729193,3.408325,11.498717,0.436108,15.446215,2,
713,713,0,1790173733498022000,43.523773,2.763845,11.235896,0.44853,14.553165,2,
714,714,0,1790173733530066000,48.839782,3.384987,11.437982,0.446005,15.385859,2,
715,715,0,1790173733598088000,48.06677,5.561544,11.734497,0.461683,17.905826,2,
716,716,0,1790173733666053000,50.551497,6.092434,12.628044,0.440767,19.269088,2,
717,717,0,1790173733730110000,52.412966,5.832035,11.521724,0.443065,17.908024,2,
718,718,0,1790173733798093000,48.333338,5.646898,11.932165,0.491277,18.177975,2,
719,719,0,1790173733830057000,47.998522,2.691508,11.916356,0.42665,15.140216,2,
720,720,0,1790173733898088000,49.290472,5.857609,12.741348,0.435551,19.130432,2,
721,721,0,1790173733965939000,48.042463,5.191269,11.455346,0.434804,17.215339,2,
722,722,0,1790173734030103000,52.95618,5.657414,11.652408,0.436584,17.853088,2,
723,723,0,1790173734266057000,49.802593,6.224832,11.857415,0.437576,18.649986,2,
724,724,0,1790173734465998000,50.225355,6.002806,12.802676,0.425969,19.338324,2,
725,725,0,1790173734566046000,54.616185,6.704192,11.748848,0.626182,19.223449,2,
726,726,0,1790173734666028000,53.555353,5.867096,12.092676,0.475439,18.535208,2,
727,727,0,1790173734766031000,53.923178,6.00955,12.121692,0.423754,18.656081,2,
728,728,0,1790173734834088000,48.872939,5.870705,11.739238,0.432634,18.151572,2,
729,729,0,1790173734902076000,49.406027,5.952809,12.330697,0.429196,18.844504,2,
730,730,0,1790173734966035000,54.483365,6.541833,11.823819,0.516257,19.002096,2,
731,731,0,1790173735066029000,54.642035,6.070808,13.090204,0.538919,19.802743,2,
732,732,0,1790173735134084000,53.333148,5.842987,12.076226,0.445318,18.467411,2,
733,733,0,1790173735234069000,51.486436,4.639807,11.276438,0.469982,16.494169,2,
734,734,0,1790173735302055000,47.802906,5.376351,11.761035,0.464575,17.705046,2,
735,735,0,1790173735434025000,50.641283,4.614186,11.204562,0.444196,16.37343,2,
736,736,0,1790173735502080000,47.471534,5.202319,12.026361,0.440757,17.771118,2,
737,737,0,1790173735534022000,48.737579,3.571244,11.291438,0.467485,15.442489,2,
738,738,0,1790173735602018000,48.39219,5.512067,11.975816,0.467054,18.05193,2,
739,739,0,1790173735634010000,48.449432,3.420621,11.229612,0.441833,15.206606,2,
740,740,0,1790173735734026000,50.782379,4.288497,11.349414,0.450882,16.201287,2,
741,741,0,1790173735802039000,52.524841,5.43664,12.360399,0.440976,18.340809,2,
742,742,0,1790173735870007000,49.243683,5.722961,12.148923,0.425114,18.394195,2,
743,743,0,1790173735901994000,48.484851,3.191977,11.580751,0.432161,15.319642,2,
744,744,0,1790173735970006000,50.17887,6.20858,11.754569,0.466023,18.533658,2,
745,745,0,1790173736038066000,50.292872,6.277309,12.088985,0.437704,18.900996,2,
746,746,0,1790173736102065000,53.870344,6.111673,11.983029,0.442908,18.64585,2,
747,747,0,1790173736137899000,44.347427,2.868272,11.725163,0.465735,15.161765,2,
748,748,0,1790173736238067000,47.118796,4.491349,11.521327,0.43797,16.561627,2,
749,749,0,1790173736302065000,53.64734,5.948615,12.21317,0.448891,18.710694,2,
750,750,0,1790173736337904000,44.329667,2.914363,11.67402,0.468578,15.160892,2,
751,751,0,1790173736402064000,53.472922,5.871935,12.335784,0.461738,18.773284,2,
752,752,0,1790173736437984000,44.268719,3.287161,11.280256,0.447018,15.121029,2,
753,753,0,1790173736502041000,54.02966,5.984159,12.435598,0.461658,19.036328,2,
754,754,0,1790173736537905000,44.183148,2.898978,11.550868,0.455553,15.022267,2,
755,755,0,1790173736638039000,46.98047,3.818546,11.521683,0.437304,15.887477,2,
756,756,0,1790173736738056000,47.071458,4.228195,11.360347,0.43843,16.136222,2,
757,757,0,1790173736838055000,50.896931,4.533838,11.610387,0.427995,16.670158,2,
758,758,0,1790173736938054000,54.030846,6.203464,12.854346,0.431923,19.593964,2,
759,759,0,1790173737005992000,49.647235,5.751714,12.280609,0.452102,18.581282,2,
760,760,0,1790173737070047000,54.418114,6.208932,12.382993,0.433888,19.132338,2,
761,761,0,1790173737138045000,50.919595,4.712161,11.555094,0.432283,16.799009,2,
762,762,0,1790173737205983000,48.782093,5.528333,11.653823,0.461934,17.75227,2,
763,763,0,1790173737237854000,48.398425,2.918598,11.523832,0.54402,15.09188,2,
764,764,0,1790173737305990000,49.14871,5.465043,12.141647,0.424184,18.134413,2,
765,765,0,1790173737337876000,48.47736,3.192637,11.291016,0.568697,15.206521,2,
766,766,0,1790173737405976000,53.994749,5.96164,12.058952,0.437743,18.563325,2,
767,767,0,1790173737438028000,47.823919,2.779955,11.365097,0.449114,14.697742,2,
768,768,0,1790173737505941000,57.512605,7.364705,13.995033,0.416677,21.891216,2,
769,769,0,1790173737538045000,47.917607,2.853741,11.437904,0.47494,14.887683,2,
770,770,0,1790173737605941000,54.339657,6.092625,12.222627,0.427705,18.85213,2,
771,771,0,1790173737638022000,47.830672,2.93533,11.337994,0.442007,14.841937,2,
772,772,0,1790173737705918000,55.694279,6.754972,12.454149,0.431751,19.747437,2,
773,773,0,1790173737774031000,49.407579,5.650106,12.143283,0.428432,18.328825,2,
774,774,0,1790173737841996000,47.111681,4.745787,11.592613,0.429768,16.866761,2,
775,775,0,1790173737905876000,54.145219,5.969855,12.1384,0.416568,18.634826,2,
776,776,0,1790173737941890000,43.921015,2.891925,11.334372,0.476344,14.818189,2,
777,777,0,1790173738005942000,54.324824,6.246809,11.985969,0.432144,18.769271,2,
778,778,0,1790173738041971000,44.033436,2.927369,11.414127,0.49407,14.955329,2,
779,779,0,1790173738105970000,54.568348,6.128298,12.664325,0.424442,19.323108,2,
780,780,0,1790173738141901000,43.951337,2.862557,11.366252,0.477574,14.848985,2,
781,781,0,1790173738242032000,46.545188,4.198904,11.625254,0.435595,16.354704,2,
782,782,0,1790173738273954000,48.937054,3.414418,11.714581,0.435799,15.656669,2,
783,783,0,1790173738342024000,47.522069,5.259438,11.74182,0.432506,17.535077,2,
784,784,0,1790173738373881000,48.707581,3.146142,11.787078,0.434816,15.458789,2,
785,785,0,1790173738473998000,51.150335,4.486063,11.667955,0.430845,16.685688,2,
786,786,0,1790173738574002000,50.917481,4.225785,11.608621,0.438748,16.39721,2,
787,787,0,1790173738674021000,53.450384,5.79749,12.721952,0.429907,19.054991,2,
788,788,0,1790173738741995000,52.26776,5.59315,11.772821,0.434942,17.912288,2,
789,789,0,1790173738773998000,48.194092,2.743992,11.747786,0.47992,15.066698,2,
790,790,0,1790173738841984000,51.140736,4.657074,11.481182,0.434999,16.681943,2,
791,791,0,1790173738877944000,44.58984,3.119685,11.737923,0.43776,15.392923,2,
792,792,0,1790173738978013000,49.772768,5.676222,12.739509,0.435696,18.948738,2,
793,793,0,1790173739077995000,50.186172,5.93519,12.969091,0.419936,19.425592,2,
794,794,0,1790173739177937000,50.415709,6.207765,12.842668,0.432281,19.581329,2,
795,795,0,1790173739277992000,51.126836,6.208757,13.347923,0.42015,20.077809,2,
796,796,0,1790173739341957000,50.650984,4.490165,11.484264,0.432549,16.509242,2,
797,797,0,1790173739377922000,44.447579,2.989973,11.822267,0.428848,15.333515,2,
798,798,0,1790173739445945000,47.568816,5.137525,11.678193,0.432009,17.348691,2,
799,799,0,1790173739477924000,44.151395,2.919759,11.581437,0.453461,15.064738,2,
800,800,0,1790173739545862000,49.468558,5.538791,12.779997,0.433464,18.86138,2,
801,801,0,1790173739609988000,55.318749,6.6115,12.218326,0.435592,19.372355,2,
802,802,0,1790173739677948000,50.255996,6.089787,12.59664,0.427928,19.211322,2,
803,803,0,1790173739745873000,49.049781,5.906225,12.315837,0.429501,18.757357,2,
804,804,0,1790173739777940000,49.151041,3.251901,12.082285,0.424664,15.850121,2,
805,805,0,1790173739809991000,48.373713,3.042303,11.694286,0.429128,15.271677,2,
806,806,0,1790173739845889000,44.311211,3.038404,11.530918,0.433686,15.10564,2,
807,807,0,1790173739877933000,49.000155,3.133336,11.998284,0.451003,15.677163,2,
808,808,0,1790173739909977000,48.567269,3.256865,11.649424,0.435158,15.446245,2,
809,809,0,1790173739945834000,44.502306,3.012795,11.720013,0.459511,15.298102,2,
810,810,0,1790173739977932000,48.848481,3.207795,11.732053,0.479467,15.519641,2,
811,811,0,1790173740009956000,48.672023,3.278876,11.692495,0.444644,15.519859,2,
812,812,0,1790173740045848000,44.196276,3.045526,11.282315,0.482233,14.924001,2,
813,813,0,1790173740077924000,49.169118,3.333357,11.995178,0.419725,15.839666,2,
814,814,0,1790173740113908000,44.7358,3.16639,11.837463,0.43545,15.547007,2,
815,815,0,1790173740145933000,44.506022,3.126614,11.656797,0.433253,15.324184,2,
816,816,0,1790173740177919000,48.931302,3.264207,11.826741,0.459127,15.640747,2,
817,817,0,1790173740213909000,44.287451,2.745623,11.715534,0.451547,15.023087,2,
818,818,0,1790173740245902000,44.09078,3.090184,11.238652,0.43845,14.875755,2,
819,819,0,1790173740277922000,48.542955,2.902719,11.627546,0.553903,15.196313,2,
820,820,0,1790173740313895000,44.584671,3.321084,11.484506,0.426505,15.342415,2,
821,821,0,1790173740345930000,49.039538,3.274463,11.827279,0.490289,15.709403,2,
822,822,0,1790173740377896000,48.794274,3.108619,11.668423,0.694682,15.58582,2,
823,823,0,1790173740413895000,44.590894,3.188835,11.673455,0.424436,15.394284,2,
824,824,0,1790173740445921000,48.860286,3.241964,11.76197,0.440888,15.555769,2,
825,825,0,1790173740477964000,48.569393,3.020603,11.652274,0.656779,15.476669,2,
826,826,0,1790173740513868000,44.687348,3.286268,11.630207,0.435161,15.454406,2,
827,827,0,1790173740545912000,48.661732,2.968481,11.795985,0.494919,15.389157,2,
828,828,0,1790173740613922000,51.389155,6.833822,12.165633,0.417684,19.524496,2,
829,829,0,1790173740681962000,49.385611,5.934033,12.566386,0.429104,19.041069,2,
830,830,0,1790173740745892000,52.757501,5.383552,12.012745,0.448698,17.95457,2,
831,831,0,1790173740813913000,50.891136,6.660429,12.38049,0.451458,19.604525,2,
832,832,0,1790173740913921000,52.872678,4.647713,11.594288,0.469718,16.808413,2,
833,833,0,1790173740981951000,48.787347,5.523933,12.320452,0.498568,18.44577,2,
834,834,0,1790173741013909000,48.224866,2.844425,11.348592,0.467145,14.772826,2,
835,835,0,1790173741081967000,48.35044,5.251988,12.393827,0.452007,18.19722,2,
836,836,0,1790173741113905000,48.37417,3.154268,11.264866,0.478311,15.006436,2,
837,837,0,1790173741213948000,52.68602,4.835334,11.246935,0.499008,16.692398,2,
838,838,0,1790173741281950000,49.687813,5.761604,12.594994,0.441772,18.902417,2,
839,839,0,1790173741313807000,48.229723,2.896176,11.294149,0.475863,14.784832,2,
840,840,0,1790173741381962000,53.949359,6.166393,11.927332,0.437148,18.638556,2,
841,841,0,1790173741513942000,54.79799,6.258626,12.7556,0.434637,19.568766,2,
842,842,0,1790173741581945000,54.113484,6.488616,11.994802,0.433211,19.02319,2,
843,843,0,1790173741613946000,47.729385,2.590547,11.597209,0.432859,14.724293,2,
844,844,0,1790173741681937000,53.955466,6.095591,12.454999,0.442162,19.102432,2,
845,845,0,1790173741713948000,48.057934,2.765367,11.584475,0.454448,14.917074,2,
846,846,0,1790173741781940000,55.550895,6.719559,13.186046,0.453091,20.473443,2,
847,847,0,1790173741817808000,44.065038,2.829135,11.411247,0.467122,14.822704,2,
848,848,0,1790173741881901000,52.857486,5.901142,11.671575,0.444841,18.123184,2,
849,849,0,1790173741981954000,53.668837,5.995908,12.320135,0.503114,18.922287,2,
850,850,0,1790173742049890000,55.97098,6.716711,13.328877,0.423571,20.600013,2,
851,851,0,1790173742117866000,48.850072,5.571814,11.773461,0.529427,17.971107,2,
852,852,0,1790173742217840000,48.036826,4.413512,11.182672,0.47715,16.179011,2,
